热词,频率
伊朗,135
中国,59
真的,58
以色列,49
视频,46
种植,43
微博,41
时间,39
网友,38
美国,37
孩子,37
发布,37
喜欢,34
超话,33
生活,33
导弹,31
辟谣,30
AI,29
机器人,28
选择,28
回应,28
土壤,28
手机,26
当地,26
男孩,26
发现,25
今日,24
朋友,24
网络,24
近日,23
女子,22
引发,22
短剧,21
黄金,21
一点点,21
袭击,20
报道,20
世界,20
小时,20
简单,20
人生,20
新闻,20
方法,20
计划,19
日常,18
资助,18
运动,17
春节,17
男子,17
记者,16
正式,16
迪拜,16
感觉,16
期待,15
发生,15
终于,15
平台,15
doge,15
法院,15
发布会,15
质疑,15
哈梅内伊,15
工作,14
生成,14
家庭,14
电影,14
周末,14
有人,14
石油,14
学校,14
相关,13
情况,13
北京,13
官方,13
离婚,13
两会,13
状态,13
好看,13
妈妈,13
死亡,13
建议,13
白鹿,13
影响,13
手表,13
国家,13
关注,13
小米,13
信息,12
新年,12
开工,12
打击,12
哈哈哈,12
婚后,12
努力,12
更新,12
故事,12
城市,12
旅行,12
特别,12
阳光,12
消息,12
主力,12
谣言,12
生长,12
总统,11
现场,11
允悲,11
两天,11
回来,11
科技,11
汽车,11
开心,11
联合,11
这是,11
摄影,11
cry,11
女生,11
一年,11
拍照,11
日本,11
记得,11
创作,11
品牌,11
争议,11
显示,11
阿姨,11
美军,11
好多,10
系列,10
快乐,10
公司,10
理想,10
新疆,10
媒体,10
同房,10
全国,10
女儿,10
告诉,10
演唱会,10
不用,10
温柔,10
医院,10
高速,10
银行,10
动作,10
王楚,10
工程,10
获悉,9
此前,9
接受,9
身体,9
好吃,9
外卖,9
第一个,9
春晚,9
东西,9
地方,9
图片,9
技术,9
声明,9
收藏,9
分钟,9
房子,9
爸爸,9
没想到,9
丈夫,9
好好,9
回家,9
可爱,9
一名,9
帮扶,9
宝宝,9
羽绒服,9
给力,9
冠军,9
不好,9
稀土,9
法律,9
父亲,9
环境,9
小学,9
光照,9
火龙果,9
发动,8
出发,8
花花,8
两个,8
违法,8
春天,8
音乐节,8
地震,8
时代,8
照片,8
值得,8
酒店,8
ai,8
广东,8
这次,8
思考,8
训练,8
瞬间,8
浪漫,8
基地,8
代表,8
委员,8
小孩,8
希望,8
意外,8
最终,8
儿子,8
一场,8
老师,8
第一,8
大赛,8
影像,8
华为,8
昨天,8
分享,8
上线,8
治愈,8
漂亮,8
微博之夜,8
一位,8
浙江,8
卡塔尔,8
核心,8
红包,8
专家,8
受助,8
夫妻,8
重庆,8
黄景,8
大会,8
空袭,8
来自,8
美以,8
市场,8
冲突,8
警方,8
变化,8
舞台,8
项目,8
作者,8
价格,8
孙颖莎,8
call,8
买房,8
历史,8
最高人民法院,8
乌鲁木齐,8
管理,8
肥沃,8
荷花,8
确认,7
网传,7
成功,7
股份,7
收到,7
内部,7
开学,7
米兰,7
云南,7
小狗,7
打卡,7
三月,7
飞机,7
全网,7
看着,7
几天,7
能力,7
知识,7
老人,7
父母,7
制作,7
本来,7
原因,7
位于,7
新加坡,7
巴林,7
电视剧,7
岁月,7
有情,7
真相,7
实施,7
律师,7
男方,7
长期,7
拒绝,7
马年,7
当年,7
一条,7
力量,7
爱情,7
拆迁,7
结婚,7
三个,7
美好,7
家人,7
一张,7
这场,7
来说,7
气场,7
幸福,7
中东,7
千元,7
价值,7
出生,7
保护,7
国外,7
夸夸,7
领袖,7
全球,7
社交,7
发展,7
贷款,7
华润,7
保障,7
记录,7
至少,7
概念,7
消费,7
多年,7
特签,7
苹果,7
国内,7
目标,7
标准,7
啊啊啊,7
颜值,7
星座,7
财运,7
想要,7
龙头,7
娱乐,7
限量,7
新娘,7
生命,7
宁波,7
道歉,7
音乐,7
心烦,7
航班,7
编舞,7
适宜,7
排水,7
种子,7
细节,6
总台,6
包括,6
多名,6
总理,6
办公室,6
过年,6
评论,6
家里,6
几年,6
日记,6
亮相,6
那一刻,6
账号,6
学会,6
是因为,6
Ai,6
发射,6
你好,6
遭袭,6
公开,6
英国,6
几个,6
情绪,6
学习,6
热巴,6
大吉,6
奶奶,6
那种,6
去世,6
年轻,6
遇见,6
知名,6
长大,6
兴趣,6
镜头,6
微博去,6
嘻嘻,6
香港,6
小马,6
不错,6
跟着,6
杭州,6
哈哈哈哈,6
plog,6
比赛,6
央视,6
贵人,6
持续,6
超过,6
战争,6
阿联酋,6
万元,6
奶茶,6
物资,6
漫画书,6
条件,6
电话,6
晚上,6
健康,6
当事人,6
少年,6
这才,6
吃惊,6
只能,6
结束,6
旅游,6
周五,6
对方,6
未来,6
想象,6
参考,6
真实,6
卖出,6
军工,6
之间,6
泪泪,6
舞蹈,6
交付,6
月份,6
造型,6
依然,6
小时候,6
合影,6
完美,6
方式,6
解锁,6
适合,6
时装周,6
资源,6
高市,6
投资,6
股市,6
内容,6
经济,6
房产,6
改造,6
造谣,6
形象,6
健身,6
饮食,6
疲劳,6
推荐,6
口感,6
毛主席,6
女方,6
答卷,6
墨西哥,6
检察,6
四川,6
航线,6
员工,6
点点,6
疏松,6
品种,6
薛之谦,5
儿童,5
有限公司,5
涉嫌,5
调查,5
开票,5
深度,5
减肥,5
彩礼,5
转移,5
凌晨,5
自由,5
坐在,5
南京,5
岗位,5
开启,5
一刻,5
医生,5
大赏,5
艺人,5
全场,5
聪明,5
提醒,5
解读,5
大跌,5
全程,5
提升,5
全是,5
恐怖,5
顶级,5
表现,5
熟悉,5
演员,5
作品,5
首都,5
地区,5
大满贯,5
卫星,5
第五,5
总部,5
击中,5
喊话,5
一份,5
天才,5
位置,5
全国政协,5
永远,5
拥有,5
开局,5
每次,5
肖战,5
回到,5
衣服,5
苦涩,5
一句,5
无数,5
震惊,5
不让,5
全世界,5
震撼,5
展开,5
爱上,5
除夕夜,5
癌症,5
经历,5
哥哥,5
当日,5
婚礼,5
恢复,5
野生,5
梦想,5
老婆,5
眼睛,5
下午,5
一路,5
大片,5
舒服,5
蛋糕,5
刘宇宁,5
一眼,5
每日,5
更是,5
烟火,5
一家,5
想到,5
不愧,5
面对,5
关闭,5
紧急,5
突发,5
女孩,5
河南,5
新闻记者,5
螺丝,5
公路,5
武汉,5
打火机,5
早上,5
山东,5
热点,5
获利,5
接触,5
人民,5
沙特,5
困境,5
特朗普,5
系统,5
事实,5
马街,5
安排,5
感受,5
湖南,5
舆论,5
转发,5
干净,5
爱奇艺,5
一种,5
退款,5
兄弟姐妹,5
金价,5
美元,5
A股,5
油气,5
经典,5
展示,5
巴黎,5
日晚,5
人间,5
假期,5
顾青,5
攻略,5
留下,5
小猫,5
公里,5
极致,5
压力,5
随便,5
画面,5
保姆,5
案件,5
操作,5
没人,5
有时候,5
轻松,5
印星,5
合适,5
南部,5
板块,5
军事,5
首板,5
教授,5
面粉,5
光头,5
人体,5
头发,5
古城,5
新书,5
实体书,5
文明,5
被告,5
农村,5
汽水,5
纯真,5
一所,5
学生,5
人数,5
科学,5
工友,5
建设,5
手镯,5
司法,5
服务,5
总局,5
新规,5
刷屏,5
绝情,5
臭豆腐,5
公益,5
杜鹃花,5
无花果,5
黄皮,5
富含,5
李雨桐,4
IP,4
佩泽希齐扬,4
高级,4
遇袭,4
身亡,4
通讯社,4
阵容,4
期间,4
董事长,4
春日,4
明星,4
流行,4
中午,4
皱眉,4
一口,4
提前,4
过个,4
愿望,4
vlog,4
不想,4
上班,4
模型,4
智能,4
屏幕,4
日子,4
风险,4
带来,4
数据,4
免费,4
变得,4
老板,4
正确,4
反诈,4
主任,4
大佬,4
大事,4
阶段,4
用户,4
高度,4
拦截,4
百万,4
多个,4
勺子,4
舰队,4
对比,4
美军基地,4
眼里,4
肯定,4
不予,4
媒体报道,4
河北,4
会议,4
笔记,4
最佳,4
本周,4
杨幂,4
迪丽,4
新鲜,4
关晓彤,4
灿烂,4
有个,4
在家,4
搞笑,4
洗澡,4
余生,4
小女孩,4
年纪,4
两人,4
身上,4
江欣,4
秘书,4
购买,4
男友,4
作家,4
顾知秋,4
改变,4
星星,4
千金,4
守护,4
羽毛球,4
体验,4
财神,4
寻找,4
旅行家,4
风景,4
绝美,4
天气,4
融化,4
黄子,4
弘凡,4
牛肉,4
宝莉,4
隐藏,4
加班,4
小说,4
出门,4
排骨,4
广告,4
中央,4
通道,4
前往,4
彩虹,4
放松,4
夺冠,4
飞驰,4
享受,4
加速,4
抱抱,4
形式,4
一段,4
唯一,4
睡觉,4
王玉雯,4
确实,4
粉丝,4
来源,4
原创,4
男生,4
路上,4
无人机,4
大桥,4
极目,4
老铺,4
男性,4
热议,4
一对,4
精神,4
发声,4
李佩仪,4
时期,4
大人,4
始终,4
推广,4
过程,4
小龙虾,4
披萨,4
挑战,4
四个,4
不到,4
利用,4
万斯,4
突破,4
最新,4
说话,4
国际,4
伤亡,4
反击,4
库存,4
通信,4
平顶山,4
活动,4
解放军,4
百亿,4
机构,4
概率,4
羽绒,4
蛋白质,4
常用,4
住房,4
第一批,4
成立,4
连续,4
交出,4
实体,4
话筒,4
订单,4
钨业,4
招商,4
之下,4
指数,4
车上,4
金饰,4
涨停,4
买入,4
海外,4
上海,4
文学,4
预售,4
穿着,4
人气,4
原炀,4
姐妹,4
探店,4
纠缠,4
拍摄,4
销量,4
低价,4
成就,4
WTT,4
蝴蝶结,4
滑雪,4
配色,4
爱慕,4
年前,4
沈月,4
好运,4
雷达,4
地球,4
仿佛,4
立体,4
自带,4
两位,4
王楚然,4
东方,4
打假,4
运势,4
惊喜,4
偏印,4
关系,4
咒语,4
充足,4
样子,4
早苗,4
弟弟,4
能源,4
航天,4
天然气,4
金属,4
美股,4
具备,4
补贴,4
意义,4
水分,4
房价,4
公积金,4
一套,4
自然,4
人形,4
来电,4
京东,4
在线,4
熊出没,4
情侣,4
公主,4
就要,4
肌肉,4
大理,4
现货,4
三亚,4
早已,4
食物,4
改善,4
关键,4
好几个,4
番茄,4
原切,4
苏东坡,4
暴雪,4
奶酪,4
困难,4
营养,4
不幸,4
太平天国,4
pH,4
皮肤,4
面部皮肤,4
二审,4
未成年人,4
和解,4
责任,4
事件,4
考试,4
壁纸,4
布拉格,4
成绩,4
尘白,4
禁区,4
原神,4
小春,4
五胞胎,4
女宝,4
长聘,4
职位,4
毒枭,4
喜鹊,4
法护,4
公正,4
秋假,4
市场监管,4
食品安全,4
办案,4
王一博,4
徐坤,4
淘米水,4
开通,4
德黑兰,4
川航,4
桌上,4
克林顿,4
走失,4
领养,4
温度,4
浇水,4
幼苗,4
容器,4
池塘,4
胡彦斌,3
人员,3
爆料,3
代理,3
国防部长,3
针对,3
担任,3
司令部,3
嘉宾,3
村民,3
托举,3
家长,3
五粮液,3
天天,3
斑马,3
巅峰,3
地点,3
烦恼,3
恭喜,3
加油,3
一夜,3
听到,3
焦虑,3
生日,3
遗憾,3
六年,3
第一天,3
元宵,3
后悔,3
落日,3
慢慢,3
开药,3
橘子,3
刘宇,3
成片,3
便宜,3
豆包,3
大礼,3
找到,3
救命,3
硬核,3
偷偷,3
羡慕,3
这份,3
舞伴,3
点赞,3
国宝,3
连夜,3
有没有,3
千问,3
一座,3
论文,3
解决,3
全能,3
后续,3
原本,3
逻辑,3
人才,3
无限,3
打造,3
精致,3
实用,3
兼具,3
chatGPT,3
垃圾,3
短信,3
翻开,3
祝福,3
人工智能,3
一点,3
用到,3
角度,3
还原,3
传播,3
轰炸,3
黎巴嫩,3
北部,3
发言人,3
火箭弹,3
女性,3
小伙,3
CT,3
不慎,3
吞下,3
国乒,3
证实,3
程度,3
太阳,3
元气,3
一个个,3
补充,3
卧槽,3
登上,3
英方,3
军事基地,3
设施,3
中称,3
爱凌,3
纠纷,3
疑惑,3
判定,3
邢台,3
妻子,3
起诉,3
排名,3
神奇,3
王天辰,3
感谢,3
实际上,3
咖啡,3
放假,3
打扰,3
我能,3
山西,3
紧紧,3
男朋友,3
幻想,3
妹妹,3
特意,3
一家人,3
富有,3
成熟,3
命运,3
牛马,3
总裁,3
舞剧,3
少帅,3
重生,3
烟花,3
收入,3
提出,3
老娘,3
养女,3
早就,3
一本,3
冷情,3
boss,3
怀孕,3
长安,3
沦为,3
宠翻,3
投降,3
黑名单,3
发财,3
晒出,3
年度,3
新能源,3
景区,3
晚餐,3
拿下,3
自我,3
美的,3
出轨,3
覆盖,3
依旧,3
轻轻,3
三点,3
机场,3
一盘,3
阴天,3
碎片,3
要闻,3
满城,3
随手,3
刚刚,3
留言,3
水果,3
忘记,3
推文,3
一米,3
美食,3
吃饭,3
主打,3
质感,3
好像,3
跨域,3
森林,3
没什么,3
星河,3
台词,3
知世郎,3
阿育娅,3
不行,3
唐宫,3
奇案,3
二十年,3
导演,3
强行,3
动物,3
大漠,3
委屈,3
不语,3
喜剧,3
实验,3
章若楠,3
合作,3
聊天,3
权力,3
生菜,3
黑点,3
市民,3
清洗,3
网上,3
博物馆,3
中东地区,3
关乎,3
导致,3
攻击,3
瞳孔,3
单身,3
车主,3
女士,3
休息,3
浙商,3
局势,3
多地,3
事故,3
是从,3
单位,3
疑似,3
顾客,3
抢购,3
整体,3
公益活动,3
阿衰,3
烈士,3
宗教,3
食管,3
福建,3
完整,3
后果,3
中学,3
作息,3
编造,3
甘肃,3
洒水车,3
喷洒,3
不谈,3
错过,3
反复,3
疯狂,3
细腻,3
商业,3
机会,3
膝盖,3
迷雾,3
抹胸,3
裙子,3
丫头,3
鸡蛋,3
一代人,3
做饭,3
炸裂,3
人类,3
第一次,3
伊朗政府,3
提供,3
粮食,3
外交,3
遇害,3
理解,3
纷争,3
缺乏,3
防御,3
内贾德,3
对象,3
西方,3
崩溃,3
根基,3
遇难,3
否认,3
遭受,3
说法,3
革命,3
卫队,3
霍尔木兹海峡,3
伊拉克,3
很大,3
指出,3
重点,3
国家级,3
物质,3
文化,3
农历,3
每周,3
招牌,3
这家,3
深圳,3
爆发,3
上用,3
装备,3
暴跌,3
面临,3
行业,3
到达,3
善意,3
赖清德,3
罕见,3
出席,3
干洗,3
标识,3
成分,3
变更,3
同意,3
头条,3
文章,3
公寓,3
气温,3
洗衣机,3
两年,3
营收,3
下滑,3
现象,3
同比,3
豆瓣,3
筹码,3
轮船,3
海油,3
收盘,3
盘面,3
一是,3
极限,3
大盘,3
大涨,3
节奏,3
股票,3
心思,3
资金,3
典型,3
观点,3
成长,3
比亚迪,3
雷科,3
防务,3
算力,3
男人,3
上车,3
博士,3
名字,3
旁边,3
十二,3
玻璃,3
TA,3
原名,3
一身,3
世人,3
流传,3
告别,3
晋江,3
玩意儿,3
社会,3
姿势,3
耳朵,3
路过,3
商场,3
区别,3
SUV,3
奥迪,3
续航,3
二哈,3
智驾,3
稳定,3
超跑,3
巨星,3
致敬,3
搭配,3
通知,3
许愿,3
有钱,3
心情,3
印花,3
出片,3
小店,3
主席,3
人均,3
王曼昱,3
男单,3
官宣,3
迎来,3
金色,3
礼品,3
谷爱凌,3
这条,3
节目,3
解放,3
采用,3
拿到,3
费解,3
生产,3
欧元,3
飞宇,3
提问,3
冬雨,3
响起,3
多万,3
转头,3
路透,3
高叶,3
宋妍,3
臭脸,3
外面,3
流鼻血,3
马嘉祺,3
转场,3
风华,3
盛典,3
惊艳,3
全开,3
时尚,3
金牛座,3
心动,3
停下,3
脚步,3
原生,3
念诵,3
三遍,3
双鱼,3
奔赴,3
大哭,3
还会,3
打扮,3
大胆,3
霍尔木兹,3
炸毁,3
战机,3
多哈,3
新华社,3
上游,3
空军,3
组织,3
巴基斯坦,3
炒股,3
盈亏,3
持仓,3
依据,3
产业链,3
贵金属,3
高开低走,3
开盘,3
最先,3
参加,3
航空,3
今晚,3
北方,3
综合,3
讨论,3
混合,3
万起,3
社保,3
为啥,3
就业,3
住宿,3
溢价,3
感叹,3
处于,3
林徽因,3
偶然,3
周期,3
政府,3
王菲,3
过度,3
装修,3
修剪,3
机器,3
一幕,3
笑料,3
满怀,3
不爱,3
喝水,3
放心,3
一件,3
路线,3
物理,3
超市,3
企业,3
宣传,3
设计,3
魅力,3
解压,3
放入,3
石头,3
恶意,3
王橹杰,3
无聊,3
区域,3
熊二,3
生机,3
走路,3
年龄,3
洱海,3
海风,3
云朵,3
口味,3
江西,3
宇宙,3
塞尔达,3
过大年,3
海岛,3
贝加尔湖,3
传统,3
草原,3
交织,3
火车,3
有意思,3
生酮,3
血糖,3
缓解,3
小笼包,3
亲签,3
牛排,3
芭乐,3
肋条,3
分布,3
冰箱,3
桃花,3
早餐,3
APP,3
灭亡,3
明朝,3
江湖,3
王朝,3
不吃,3
日军,3
馒头,3
深山,3
温暖,3
李氏,3
比例,3
直播,3
美颜,3
ABC,3
卫生巾,3
丸子,3
能通,3
上诉,3
人民法院,3
偷拍,3
可判,3
罚款,3
五金,3
证据,3
达成,3
排除,3
认定,3
维权,3
法治,3
养犬,3
虚假,3
骗保,3
获刑,3
摔倒,3
检察官,3
招聘,3
虞书欣,3
赔偿,3
刑事,3
所得,3
医美,3
澳门,3
张韶涵,3
年代,3
新生,3
带动,3
杂志,3
游戏,3
王者,3
荣耀,3
曝光,3
民众,3
受伤,3
漫画,3
胞胎,3
北京大学,3
制度,3
日前,3
夫妇,3
爷爷,3
牡丹,3
典亮,3
品质,3
民一庭,3
副庭长,3
启新,3
案例,3
落实,3
商户,3
十五,3
北二环,3
中心,3
最高检,3
专项,3
下旬,3
湿润,3
憧憬,3
八大,3
颠覆性,3
寄主,3
寄生植物,3
寄生,3
订婚,3
街舞,3
清朗,3
滋生,3
躺平,3
池州,3
聊天记录,3
喀纳斯,3
吉林,3
独居,3
贫困,3
帖子,3
戴有,3
按摩,3
浴缸,3
替父,3
商家,3
请假,3
已获,3
发文,3
有利于,3
桃树,3
提高,3
直射,3
橙子,3
栽植,3
春季,3
凤仙花,3
南方,3
睡莲,3
新一轮,2
酒后,2
箱子,2
任命,2
伊本,2
雷扎,2
赫尔,2
武装部队,2
霍拉姆,2
沙赫尔,2
以色列空军,2
严重破坏,2
姜妍,2
常驻,2
打算,2
太原,2
冰沟,2
两名,2
晋美,2
王刚,2
扛起,2
家中,2
水中,2
接连,2
四川省,2
宜宾,2
党委书记,2
审查,2
监察,2
天猫,2
全明星,2
焕新,2
邮局,2
开张,2
开门,2
来信,2
人士,2
透露,2
淘宝,2
预约,2
开抢,2
春风,2
音符,2
跃动,2
演出,2
台网,2
不适,2
汤圆,2
想着,2
粉色,2
黄色,2
天安门,2
早睡,2
十年,2
老公,2
迪奥,2
谢谢,2
亲亲,2
同学,2
狠狠,2
我要,2
老鼠,2
魔法,2
迪士尼,2
柯基,2
迎接,2
一岁,2
小岛,2
身心,2
痛苦,2
清迈,2
馋嘴,2
下班,2
一个多,2
建造,2
帆船,2
港股,2
刚刚开始,2
越用,2
创业,2
方向,2
开箱,2
顺便,2
忍不住,2
陈小春,2
一堆,2
内在,2
发了,2
一篇,2
意识,2
场景,2
大部分,2
先说,2
规划,2
地图,2
海报,2
调整,2
大半,2
明白,2
效率,2
笨蛋,2
只会,2
强大,2
基础,2
执行,2
公平,2
准确,2
有救,2
治不完,2
差点,2
配方,2
异常,2
钓鱼,2
链接,2
终极,2
工具,2
太平,2
字节,2
跳动,2
未经,2
授权,2
指令,2
即可,2
版权,2
看吧,2
特效,2
以军,2
警报,2
军方,2
一枚,2
发表声明,2
爆炸声,2
身体健康,2
腹痛,2
查出,2
肠道,2
公分,2
江苏,2
检查,2
食品,2
随时,2
异物,2
打入,2
明年,2
做好,2
发起,2
满满,2
闹元宵,2
微信,2
斯塔,2
美方,2
请求,2
智商,2
讨说法,2
一事,2
支付,2
余万元,2
感情,2
证据不足,2
驳回,2
转存,2
说出,2
一周,2
女明星,2
宁艺卓,2
定格,2
豹备,2
教室,2
娃娃,2
奇遇,2
此刻,2
徐明浩,2
王源,2
一秒,2
相遇,2
下次,2
淡淡的,2
作揖,2
主人,2
外国人,2
早熟,2
东北,2
真空,2
保温杯,2
不高,2
千万别,2
监控,2
热门,2
以防,2
大学生,2
熬夜,2
带上,2
活到,2
孙子,2
离家,2
破防,2
同一个,2
心中,2
好处,2
文字,2
外婆,2
宝贝女儿,2
招待,2
人心,2
谈过,2
家里人,2
满心,2
女孩子,2
担心,2
算计,2
一笔,2
顾总找,2
夫人,2
手下,2
破镜重圆,2
甜蜜,2
格格,2
容量,2
手术,2
紧张,2
上演,2
一出,2
令人,2
漫漫,2
集温,2
收养,2
闺蜜,2
时光,2
嘉嘉,2
未婚夫,2
背叛,2
他朝,2
有缘,2
白头,2
爬床,2
宫沉,2
嫌弃,2
绝望,2
谢尽,2
宁砚,2
曲终,2
朝朝暮暮,2
青梅竹马,2
秘密,2
情人,2
南北,2
歧路,2
格局,2
风雨,2
如诉,2
新来,2
后萌宝,2
事业,2
悄然,2
婚姻,2
目睹,2
读心术,2
前夫,2
余香,2
亲子,2
借名,2
恋人,2
母亲,2
梁伟,2
王昶,2
长焦,2
财管,2
春游,2
家族,2
扎堆,2
感拍,2
清晨,2
群里,2
见到,2
布尔津,2
昨晚,2
味道,2
海鲜,2
想起,2
新年快乐,2
年味大赏,2
看个,2
刘诗,2
落泪,2
沙发,2
周日,2
落到,2
地上,2
功夫,2
转身,2
绽放,2
下半月,2
体育场,2
Lars,2
心声,2
起床,2
高铁,2
一期,2
古镇,2
超多,2
巡游,2
当棒,2
一拍,2
限定,2
省事,2
爱看,2
悬疑,2
志怪,2
探案,2
上头,2
印象,2
深刻,2
沉浸,2
阅读,2
惬意,2
周六,2
赶时间,2
一顿,2
师傅,2
海胆,2
一碗,2
入口,2
绵密,2
显小,2
出国,2
有光,2
必有,2
远方,2
咕嘟,2
声音,2
扎实,2
早起,2
鲜花,2
周一,2
JR,2
东京,2
检票口,2
机内,2
数字,2
周边,2
观看,2
晒太阳,2
咖啡厅,2
度过,2
童年,2
缺席,2
花里胡哨,2
马车,2
经理,2
讨厌,2
现实,2
顶流,2
票房,2
流量,2
主演,2
沈腾,2
场面,2
站上,2
领奖台,2
香槟,2
压抑,2
炸开,2
混着,2
激动,2
心跳,2
可怜,2
镖人,2
爱泼斯坦,2
影片,2
刀马,2
十足,2
拉满,2
出手,2
收割,2
邪恶,2
王后,2
洗车,2
第一部,2
大神,2
带走,2
适配,2
爆款,2
吴京,2
事情,2
低调,2
拉拢,2
新剧,2
福气,2
密密麻麻,2
虫子,2
之内,2
答案,2
文物,2
升级,2
境内,2
遗产,2
战火,2
天玩,2
心脏,2
小雨,2
呼吸,2
警惕,2
走个,2
过场,2
腹部,2
返程,2
车身,2
先用,2
观察,2
摩擦,2
车牌,2
四五万,2
浙江人,2
波及,2
锐评,2
整治,2
权威,2
南部县,2
固定,2
深夜,2
万买,2
涨幅,2
觉醒,2
涨价,2
曝戴,2
包含,2
数本,2
真需,2
祈祷,2
取出,2
损伤,2
超长,2
男婴,2
脚趾,2
负责,2
新闻报道,2
定期,2
此事,2
抑郁,2
头晕,2
九派,2
浙江省,2
感到,2
浑身,2
初步,2
来到,2
闹市区,2
关水,2
所属,2
一辆,2
司机,2
好笑,2
张女士,2
余元,2
玉田,2
动心,2
封顶,2
设限,2
硬汉,2
普通人,2
霸道,2
脆弱,2
资讯,2
喜乐,2
游山玩水,2
夜里,2
永儿,2
天下,2
晚音,2
太久,2
民间,2
这段,2
红温,2
情形,2
聊着,2
兴奋,2
萧怀瑾,2
清醒,2
月亮,2
靳朝,2
澡堂,2
摇篮,2
柔韧,2
山河,2
烧烤,2
菠菜,2
播放,2
土豆,2
工人,2
杯子,2
共创,2
烤肉,2
押注,2
议员,2
金额,2
攻势,2
回旋,2
卷入,2
太蠢,2
技巧,2
民用,2
博主,2
政治,2
强硬,2
一分钟,2
提到,2
体制,2
放弃,2
动摇,2
公民,2
核查,2
伊斯兰,2
警告,2
隔壁,2
埃及,2
接近,2
脑子,2
危险,2
叙利亚,2
委内瑞拉,2
总统府,2
平安,2
殉职,2
艺术家,2
登场,2
曲艺,2
十三,2
默茨,2
访华,2
演讲,2
万亿,2
土菜,2
东南亚,2
政策,2
推动,2
游客,2
需求,2
农耕,2
红色,2
被捕,2
外媒,2
三位,2
哀悼,2
外界,2
担忧,2
精密,2
百年,2
延续,2
战舰,2
远海,2
传奇,2
华尔街,2
MFS,2
涉及,2
信贷,2
蟑螂,2
成群,2
抵押,2
此举,2
加剧,2
损失,2
洛杉矶,2
警察局,2
一通,2
社区,2
一处,2
医护人员,2
清德,2
释放,2
大陆,2
领导人,2
张口,2
科普,2
损坏,2
蓬松,2
破坏,2
更名,2
珠海,2
名称,2
保障性,2
配租,2
房地产,2
共计,2
推出,2
开发商,2
参与,2
运营,2
盈利,2
电商,2
不干,2
小品,2
一只,2
标志,2
进口,2
机械化,2
错误,2
设置,2
力度,2
商品,2
厦门,2
分歧,2
兴业,2
石化,2
趋势,2
利空,2
空仓,2
抄底,2
二是,2
个股,2
场内,2
三是,2
控盘,2
一波,2
下车,2
抱团,2
守好,2
耐心,2
等待,2
早上好,2
刺激,2
去年,2
目的,2
坚定,2
悄悄,2
集体,2
低开,2
表达,2
想法,2
出口国,2
龙头股,2
蓝色,2
居前,2
工厂,2
爆满,2
和平,2
油价,2
王健林,2
佩服,2
陈哥,2
跟风,2
盈亏自负,2
女主,2
暗恋,2
初见,2
物理学,2
第三个,2
伦敦,2
墨香,2
铜臭,2
对家,2
限时,2
扮相,2
狂傲,2
仙魔途,2
二月,2
完结,2
穿越,2
婢女,2
不出,2
全身,2
穿衣服,2
头一回,2
穆超话,2
老家,2
大小,2
香蕉,2
手指,2
何故,2
回复,2
暗示,2
人文,2
原著,2
艺术照,2
后期,2
大自然,2
晴天,2
超越,2
芭蕾,2
清晰,2
保时捷,2
尺寸,2
共享,2
新车,2
预计,2
上市,2
纯电,2
陆续,2
增长,2
双腔,2
空气,2
悬架,2
全新,2
一代,2
尝尝鲜,2
停车费,2
估计,2
太帅,2
关心,2
误以为,2
偶遇,2
我整,2
台车,2
量产,2
筑牢,2
架构,2
尽显,2
想一想,2
配置,2
姐妹花,2
空间站,2
呵呵,2
身边,2
特色,2
度假,2
感拉满,2
一整天,2
第一站,2
对手,2
胜利,2
背后,2
支持,2
我会,2
太大,2
战胜,2
人实,2
女单,2
斩获,2
奖杯,2
选手,2
马布里,2
纽约,2
充满,2
疲惫,2
歌手,2
宣传照,2
门票,2
丝带,2
收官,2
金牌,2
呼应,2
太有,2
庆祝,2
相见,2
双赛,2
战袍,2
哪款,2
苏翊鸣,2
担当,2
搞怪,2
拼搏,2
付出,2
iPhone,2
多款,2
产品,2
机型,2
双手,2
没用,2
全黑,2
大师,2
iPhoneAir,2
同事,2
首发,2
心态,2
平板,2
旗舰,2
最新消息,2
专治,2
再也,2
控制,2
颜色,2
新增,2
不太,2
完善,2
蔡明,2
二选,2
泡泡,2
湖南人,2
像是,2
亲爱,2
明媚,2
比心,2
星期六,2
晚高,2
名牌,2
随橙想,2
这波,2
月子,2
眼神,2
片场,2
摩登,2
兄弟,2
组合,2
点开,2
鞋带,2
红底,2
皮鞋,2
潜力股,2
画卷,2
国风,2
见面会,2
女装,2
闯入,2
宋茜,2
超好,2
白羊座,2
宝贝,2
双子座,2
主动,2
开口,2
表白,2
巨蟹座,2
狮子座,2
稳稳,2
落地,2
水瓶,2
忙碌,2
眼前,2
心想事成,2
枭雄,2
收获,2
明日,2
处女座,2
折腾,2
爸妈,2
正印,2
后妈,2
养出,2
感恩,2
财运亨通,2
合集,2
辛卯,2
属相,2
地支,2
碰到,2
意见,2
打破,2
现状,2
牢记,2
天上,2
一生,2
新人,2
预警,2
岔路,2
松树,2
阴凉,2
情绪低落,2
六合,2
吉星入,2
命属,2
大好,2
女命,2
爆炸,2
遭遇,2
休克,2
巨头,2
炼油厂,2
摧毁,2
房屋,2
精准,2
火烧,2
正义,2
维护,2
零件,2
吓人,2
一遍,2
掌控,2
咱家,2
此次,2
美伊以,2
最美,2
美伊,2
塔利班,2
喀布尔,2
一部分,2
全职,2
总资产,2
仅为,2
买卖,2
油服,2
通源,2
高开,2
盎司,2
下跌,2
预期,2
资本,2
盲目,2
章源,2
千万,2
欧洲,2
稀里哗啦,2
增大,2
材料,2
弹性,2
龙汇,2
仅供参考,2
自行,2
承担,2
难受,2
信息化,2
有色金属,2
吸引,2
边疆,2
土地,2
高考,2
店铺,2
可怕,2
五倍,2
最起码,2
买不起,2
相当于,2
精装,2
采光,2
差得,2
地下室,2
依赖,2
楼市,2
尊重,2
常见,2
面包,2
搬进,2
北大,2
呼吁,2
签约,2
买下,2
安全感,2
设计师,2
每种,2
羊皮,2
地毯,2
更好,2
美女,2
有用,2
水泥,2
清理,2
洗衣服,2
冬天,2
赚钱,2
猫猫,2
超级,2
双标,2
厕所,2
选美,2
咱俩,2
厉害,2
叔叔,2
有种,2
温馨,2
WebMCP,2
互联网,2
协议,2
浏览器,2
推进,2
一键,2
生产力,2
界面,2
顶部,2
服务器,2
网站,2
频道,2
牌子,2
投入,2
滑板车,2
亚马逊,2
万美元,2
手中,2
皇后,2
安静,2
快速,2
战士,2
老大,2
各项,2
隐私,2
白色,2
太美,2
之作,2
iOS,2
审美,2
傻眼,2
工业,2
部位,2
铁手,2
百科,2
灵魂,2
人工,2
还要,2
间谍,2
宝莉梦,2
打光,2
体型,2
爸爸妈妈,2
曼妙,2
熊大,2
强哥,2
一头,2
点燃,2
体态,2
耳机,2
有氧,2
冰雪,2
网红,2
打球,2
棍术,2
炉火纯青,2
耗糖,2
苍山,2
之约,2
双廊,2
喜洲,2
模样,2
长沙,2
超火,2
坡子,2
寒假,2
自驾游,2
一步,2
海滩,2
这座,2
奇幻,2
漫过,2
列岛,2
义乌,2
茶香,2
崂山,2
碧蓝,2
独有,2
保暖,2
歌声,2
基古寨,2
布朗族,2
草木,2
景点,2
威海,2
大海,2
见面,2
蔚蓝,2
瑞士,2
旅程,2
舒适,2
鲜活,2
执着,2
语言,2
心底,2
很小,2
很快,2
体重,2
天瘦,2
智慧,2
越来越,2
肚子,2
养成,2
拉伸,2
血液循环,2
试试,2
这款,2
下午茶,2
一块,2
配料,2
丝毫,2
尝到,2
黑猪,2
老面,2
机长,2
雷雨,2
请绕,2
人送,2
昭乐,2
听说,2
签名,2
随书,2
书签,2
繁花,2
黄玫瑰,2
不输,2
切割,2
合成,2
拼接,2
雾草,2
不好惹,2
明信片,2
羽翼,2
小可爱,2
暂定,2
抓紧,2
发货,2
下单,2
读懂,2
深厚,2
积累,2
节后,2
热干面,2
零食,2
负担,2
囤货,2
巴西,2
好评,2
波动,2
下架,2
堪称,2
弱水,2
千流,2
定制,2
色纸,2
姑娘,2
别哭,2
开售,2
福利,2
转评,2
降临,2
松软,2
起飞,2
同款,2
麻烦,2
思想,2
亡后,2
反清复明,2
三百年,2
幽灵,2
徘徊,2
珍贵,2
皇帝,2
子弹,2
俘虏,2
满清,2
统治,2
李纳,2
志愿军,2
谭延,2
小姐,2
诞下,2
打骂,2
无视,2
专业,2
揣手,2
中山,2
古代,2
福字,2
化妆,2
赵樱子,2
不加,2
假睫毛,2
长裙,2
编发,2
祝贺,2
换上,2
中扎,2
放过,2
清冷,2
发光,2
天花板,2
礼服,2
太阳穴,2
经养,2
气得,2
从容,2
类似,2
行政,2
拘留,2
三大,2
长时间,2
作出,2
自认,2
调解,2
妥协,2
认可,2
规则,2
诉讼,2
误转,2
处罚,2
退还,2
媳妇,2
首饰,2
围观,2
课堂,2
遛狗,2
习惯,2
医保,2
虚开,2
药品,2
大爷,2
法考,2
自学,2
十点,2
公安,2
前提,2
平等,2
汉南区,2
宣判,2
胜诉,2
登报,2
一审判决,2
上海市,2
施暴者,2
通报,2
婚内,2
重婚罪,2
治安管理,2
处罚法,2
一千元,2
一声,2
牛角,2
结构,2
自建房,2
血管,2
奥黛丽,2
厚本,2
完骨,2
变薄,2
温开水,2
中医,2
脾胃,2
难以,2
吃水果,2
腿脚,2
失控,2
下肢,2
循环,2
痕迹,2
美术,2
黑暗,2
云旗,2
郝熠然,2
双人,2
旋律,2
唯有,2
演唱,2
常州,2
沈阳,2
大连,2
细糠,2
神仙,2
蔡依林,2
尽头,2
再度,2
满分,2
万物,2
不负,2
蒸蒸日上,2
收官战,2
文旅,2
深空,2
秦彻,2
花嫁,2
大众,2
舆情,2
fes,2
cos,2
社稷,2
小朋友,2
十日,2
停止,2
下江,2
废墟,2
多家,2
另有,2
伊朗伊斯兰共和国通讯社,2
这所,2
动漫,2
性侵,2
出版社,2
连载,2
取名,2
产妇,2
分娩,2
新生儿,2
保温箱,2
婴儿,2
环球网,2
升至,2
韦东,2
获聘,2
副教授,2
教师,2
教研,2
预聘,2
伊朗外交部,2
载有,2
小学生,2
惊险,2
抵港,2
残忍,2
奥塞,2
格拉,2
日有,2
贩毒集团,2
满天飞,2
务工,2
采访,2
要命,2
战事,2
波斯湾,2
阪急,2
安家,2
复苏,2
筑巢,2
早春,2
牡丹花,2
饱满,2
均匀,2
珍珠,2
工地,2
倒卖,2
老房子,2
铜钱,2
银元,2
庭长,2
回答,2
主题,2
全省,2
海洋,2
高质量,2
民四庭,2
介入,2
立法,2
陆铭,2
研究院,2
最高人民检察院,2
优化,2
秋季,2
餐饮,2
经营者,2
主体,2
监督管理,2
苏皖,2
干线,2
管道,2
气源,2
西延,2
东起,2
立交,2
全长约,2
验收,2
意味着,2
体系,2
门店,2
举办,2
讲述,2
创新,2
易县,2
查摆,2
责任制,2
教育,2
暖心,2
马筱梅,2
完恩,2
淀粉,2
受益,2
省考,2
决战,2
公考,2
进化,2
抗性,2
微风,2
肉丸,2
面包机,2
高位,2
金条,2
元克,2
金店,2
不算,2
健康成长,2
自卑,2
心理,2
残疾,2
缺少,2
婆婆,2
四套,2
打烊,2
新郎,2
婚纱,2
这支,2
赛事,2
冬季,2
张力,2
日二广,2
西榆段,2
车辆,2
连环,2
相撞,2
死伤,2
人系,2
超短,2
学期,2
收心,2
疑问,2
涉毒,2
强制措施,2
依法查处,2
执笔,2
侠风,2
征集,2
令来,2
风起云涌,2
乱麻,2
宵小,2
散布,2
虚言,2
混淆视听,2
奸邪,2
之徒,2
捏造,2
是非,2
蛊惑,2
真伪,2
难辨,2
善恶,2
莫分,2
实乃,2
一大,2
沧海横流,2
方显,2
英雄本色,2
避风港,2
此类,2
农残,2
清水,2
放置,2
春运,2
秦某,2
一博,2
取证,2
直聘,2
急招,2
炮兵,2
BOSS,2
底部,2
棕熊,2
网民,2
网信,2
航司,2
澄清,2
领空,2
露出,2
日报,2
四平,2
松原,2
养护费,2
乐华,2
上烧,2
真玉,2
患有,2
糖尿病,2
肾病,2
离世,2
三四百,2
生前,2
并未,2
立下,2
遗嘱,2
过世,2
离异,2
子女,2
独生子女,2
祖父母,2
外祖父母,2
先于,2
失踪,2
确为,2
低保户,2
共处,2
加拿大,2
张云鹏,2
跪地,2
相拥,2
而泣,2
开除,2
济南,2
涉事,2
权益,2
严重不足,2
当事,2
佩戴,2
符合,2
核实,2
修订,2
社工,2
亲戚,2
凑钱,2
违规,2
当选,2
为名,2
众议院,2
选举,2
博士生,2
胃癌,2
晚期,2
农民,2
香菜,2
松针,2
河沙,2
成活,2
选好,2
施肥,2
总产量,2
石楠,2
酸性,2
阳光充足,2
时要,2
壤土,2
深翻,2
选种,2
气候,2
土层,2
喜光,2
选购,2
培育,2
繁殖,2
泥质,2
床底,2
床应,2
有机,2
有助于,2
北方地区,2
荣昌,2
大米,2
步骤,2
有机质,2
播种,2
发芽,2
厘米,2
果实,2
薛之谦及,1
控诉,1
薛之谦有,1
选妃,1
人格分裂,1
踢翻,1
诅咒,1
提及,1
告知,1
微博均,1
认证,1
薛之谦选妃,1
发布命令,1
赛义德,1
马吉德,1
准将,1
纳西尔,1
扎德,1
在内,1
武装力量,1
指挥官,1
国防部,1
部长,1
说用,1
由金晨,1
熟人,1
跳进,1
救起,1
落水,1
晋善,1
清徐县,1
闫村,1
掉入,1
村口,1
养鱼,1
情况危急,1
听闻,1
长梯,1
飞奔,1
架梯,1
下水,1
刺骨,1
尽全力,1
上岸,1
获救,1
两次,1
登门,1
道谢,1
集团,1
违纪,1
宜宾市,1
纪委,1
监委,1
纪律,1
寄信人,1
线索,1
火漆,1
印章,1
关键词,1
中速,1
喜爱,1
名单,1
搜索,1
亲启,1
语音,1
华晨,1
宇罗云熙,1
任嘉伦毛,1
不易,1
阜阳,1
吹拂,1
淮水,1
颍州,1
安徽省,1
阜阳市,1
草坪,1
抢票,1
抽象,1
藏于,1
微常,1
快讯,1
测定,1
分在,1
琉球群岛,1
北纬,1
东经,1
震源,1
千米,1
Monday,1
活好,1
元宵节,1
马买盒,1
思念,1
联名,1
低糖,1
芝麻汤圆,1
少吃点,1
恨不得,1
一袋,1
赞叹,1
一盒,1
速速,1
下手,1
Onenewbeginning,1
老己,1
解脱,1
修改,1
简历,1
上班族,1
何其,1
有幸,1
生于,1
华夏,1
flag,1
少点,1
勉强,1
达标,1
大姨妈,1
太难受,1
难摊手,1
高中同学,1
人快,1
白眼,1
生日礼物,1
第一支,1
婚包,1
治好,1
一半,1
Jejuwc,1
累过,1
注意力,1
十二点,1
两菜,1
一汤,1
可恶,1
腰斩,1
猫头鹰,1
社过,1
没品,1
备忘录,1
还会发,1
年夜,1
这般,1
日照,1
金山,1
时隔,1
回国,1
回后,1
电脑前,1
昏昏欲睡,1
公鸭,1
排队,1
吃不上,1
贴纸,1
抚仙湖,1
多云,1
第二天,1
真要,1
气死,1
峰峻,1
迄今为止,1
礼物,1
老林,1
oo,1
普吉岛,1
咯下,1
赶上,1
好米,1
hhhhh,1
驱车,1
前能,1
吃苦,1
忌口,1
冲剂,1
止咳药,1
糖精,1
轉載,1
雨中曲,1
圖片,1
借助,1
一人,1
中奖者,1
酸成,1
柠檬精,1
最酸,1
观众,1
眼睁睁,1
锦鲤,1
全套,1
眼泪,1
脑洞,1
大开,1
抽中,1
过成,1
范本,1
机猴赛,1
原子,1
配合默契,1
分会场,1
熊猫,1
齐刷刷,1
登台,1
百熊,1
共舞,1
灵活,1
整齐,1
萌翻,1
默契,1
智造,1
飒有,1
蹲守,1
毫升,1
茅台,1
开车,1
元宝,1
理论,1
稳妥,1
雪地,1
隐蔽,1
求生,1
掩体,1
发新,1
说实话,1
滋味,1
DeepSeek,1
北大清华,1
DualPath,1
Agent,1
GPU,1
硬盘,1
背景,1
AIAgent,1
火爆,1
智谱,1
还涨,1
太强,1
醉拳,1
双截棍,1
舞刀弄枪,1
过千问,1
行程,1
查不到,1
过路费,1
费用,1
初稿,1
帮忙,1
太好,1
挖掘,1
脑子里,1
浆糊,1
非常简单,1
粗暴,1
只招,1
极少数,1
复制,1
执行力,1
键盘,1
不需,1
沙漠,1
地下,1
私人,1
储藏室,1
隐秘,1
美观,1
格调,1
图像,1
我用,1
原图,1
两家,1
转换,1
视角,1
Gemini,1
平版,1
上岗,1
牛皮癣,1
信箱,1
昏倒,1
中奖,1
积分,1
过期,1
排排坐,1
甩出,1
大招,1
截图,1
进过,1
误区,1
代码,1
红衣,1
AIAI,1
这部,1
精良,1
编剧,1
小事,1
服化,1
提示,1
灯光,1
门道,1
赏析,1
俯拍,1
对称,1
构图,1
逆光,1
人物,1
美国电影协会,1
致函,1
网飞,1
会员,1
影视作品,1
蜘蛛侠,1
阿汤哥,1
大战,1
皮特,1
替代,1
拉响,1
以色,1
黎巴嫩真主党,1
随即,1
称向,1
贝鲁特,1
南郊,1
传出,1
真主党,1
梁慧,1
顺产,1
害怕,1
就医,1
内竟,1
患者,1
食用,1
镜检查,1
回肠,1
末端,1
黏膜,1
溃疡,1
穿孔,1
长约,1
CELINE,1
思琳,1
dogedogedoge,1
律所,1
乒乓球赛,1
降维,1
图看,1
路透社,1
海军,1
日到,1
麦纳麦,1
上空,1
浓烟滚滚,1
美海军,1
损毁,1
向日葵,1
花语,1
目不转睛,1
低头,1
丑恶,1
嘴脸,1
公之于众,1
君子,1
报仇,1
不晚,1
顾不上,1
谈情说爱,1
老铁们,1
wyb,1
主页,1
xz,1
保真,1
英国广播公司,1
英国首相,1
默在,1
英国政府,1
消谷,1
转下,1
梦女,1
中美,1
混血,1
帅哥,1
星光,1
斯坦福,1
学霸,1
惊弓之鸟,1
具象化,1
逼真,1
看不出来,1
详解,1
诉至,1
破裂,1
诉求,1
常用词,1
共商国是,1
写为,1
共商国事,1
讲究,1
人大,1
全国人大,1
政协,1
议案,1
提案,1
混用,1
这组,1
共聚,1
勇敢的人,1
VOGUE,1
上榜,1
幂迪丽,1
Dear,1
KendallJennerKendallJenner,1
JeanneCadieuJeanneCadieu,1
一首,1
一卷,1
跨到,1
胶卷,1
冲洗,1
相片,1
言色,1
眼花缭乱,1
铁三角,1
第四天,1
欢聚,1
来露,1
厂子,1
宋亚轩,1
配宋,1
驰骋,1
入场,1
前路,1
浩荡,1
满格祝,1
每份,1
回响,1
TFBOYS,1
春暢,1
约会,1
陈小纭,1
Toguan,1
成人礼,1
老年,1
机版,1
困倦,1
桌游,1
朝朝,1
穆穆,1
车前,1
打招呼,1
打戏,1
四肢,1
滑行,1
代步,1
家天,1
狗子,1
风干,1
走近,1
一看,1
战斗力,1
爆表笑,1
把门,1
往里,1
开是,1
理解能力,1
先泡,1
打包带,1
买个,1
犯法,1
心疼,1
大哥,1
三秒钟,1
伤害性,1
侮辱性,1
强家,1
贪便宜,1
开头,1
结局,1
悲允,1
悲笑,1
哥们,1
骑猪,1
段子,1
字字,1
如刀,1
没见,1
小鸡,1
雨衣,1
款式,1
早饭,1
瞳孔放大,1
装丑,1
耍帅,1
点允悲,1
减不,1
回晋善,1
完年,1
行李箱,1
颤巍巍,1
地说,1
总说,1
来日方长,1
回报率,1
技能,1
报名,1
掂量,1
不清,1
结过婚,1
剩女,1
自述,1
听听,1
打出,1
四年,1
多收,1
利是,1
交给,1
学业,1
船翻,1
能活,1
客人,1
饭菜,1
春会来,1
事会,1
顺人会,1
花会,1
开天,1
情绪稳定,1
拜托,1
惨要,1
亲密关系,1
张嘴,1
健在,1
大学,1
三岁,1
反对,1
太小,1
吃亏,1
听不进去,1
满眼,1
真爱,1
最爱,1
庸俗,1
跨年,1
街上,1
灯天,1
呐太会,1
机关算尽,1
轻描淡写,1
下属,1
一夜情,1
误会,1
重重,1
病床,1
民国时期,1
摆脱,1
联姻,1
红眼,1
复发,1
入院,1
游乐场,1
江欣得,1
断掉,1
花费,1
巨额,1
珠宝首饰,1
做手术,1
签字,1
不肯,1
过敏,1
急诊,1
死心,1
宝娘,1
集刘宝,1
乡下,1
城里,1
刘宝,1
刘巧,1
分给,1
他俩,1
各怀鬼胎,1
啼笑皆非,1
并不知道,1
卡里,1
救火,1
生育力,1
私生子,1
隐忍,1
培养,1
成才,1
升学,1
宴上,1
打脸,1
萧俊昭,1
害成,1
植物,1
洞悉,1
集女主,1
伤痛,1
占据,1
一席之地,1
集上,1
一世,1
林知意,1
嫁给,1
名义,1
小叔,1
被迫,1
换肾,1
知意,1
改变命运,1
集宁,1
王府,1
暗卫,1
沈照,1
幼年,1
十年间,1
心腹,1
深陷,1
禁忌,1
之恋,1
宁砚大婚,1
集祝汐谣,1
陆舟,1
邻居,1
十八,1
那年,1
乱性,1
江城,1
首富,1
颜黎,1
新婚夜,1
撞破,1
盲女,1
私情,1
遭其,1
反怪,1
果断,1
家私,1
嫡长子,1
小丑,1
第六年,1
裴与渊,1
小保姆,1
田甜田甜,1
刚来,1
活泼可爱,1
稚气,1
逆袭,1
女主带,1
萌宝,1
双丰收,1
音尘,1
豪门,1
戚雪,1
陆培风,1
五年,1
饱受,1
冷暴力,1
流产,1
替身,1
江曼文,1
关怀,1
心死,1
集姜愿,1
姜纯,1
污蔑,1
害死,1
沈斯修,1
当天,1
集霍,1
沉砚,1
失忆,1
误囚,1
顾云夕,1
记忆,1
方知,1
濒死,1
悔恨,1
集假,1
归位,1
死对头,1
养子,1
竟成,1
靠山,1
沈希文,1
撒野,1
身份,1
错位,1
情缘,1
稻谷,1
集沈幼,1
病危,1
临死,1
沈幼,1
遗愿,1
苦苦哀求,1
相恋,1
顾辰,1
二十七,1
伊日,1
克雷尔,1
半决赛,1
陈柏阳,1
刘毅,1
德国,1
公开赛,1
增距镜,1
高清,1
特写,1
大真,1
等效,1
柯基柯,1
基柯基,1
预备,1
好心,1
揾钱,1
正道,1
财来,1
招财,1
管过,1
保征,1
good,1
这大年,1
春风满面,1
涌来,1
照岑,1
无图版,1
yeah,1
未名湖畔,1
速画,1
地貌,1
发电,1
图为,1
五彩,1
风电场,1
卖相,1
烩饭,1
不值,1
大眼萌,1
前养,1
蛛蛛,1
微距,1
情头,1
KZ,1
电子竞技,1
俱乐部,1
诸多,1
象形,1
登山,1
风采,1
要强,1
越南,1
美味,1
诗大屏,1
友好,1
小玉,1
我见犹怜,1
牛肉汤,1
团聚,1
围坐,1
热热闹闹,1
看好,1
得闲,1
谨制,1
赵今,1
小雪,1
春雨,1
春雪,1
两种,1
雪急,1
簌簌,1
雨水,1
花盆里,1
一会儿,1
一层,1
白白的,1
迎春花,1
一族族亮,1
小花,1
风雪,1
风儿,1
吹过,1
花儿,1
摇曳,1
雪落,1
花瓣,1
化成,1
晶莹,1
珠儿,1
不畏,1
寒冷,1
群芳争艳,1
禁止入,1
OPENWORLD,1
开放,1
终章,1
鸟巢,1
JessieJ,1
NoSecretsTour,1
五点,1
六点,1
完班,1
两送,1
肠粉,1
年货,1
马尼拉,1
供暖,1
老式,1
麻辣烫,1
更配,1
兔子,1
daily,1
吃喝,1
抽到,1
Sp,1
万象,1
寿司,1
关东煮,1
三河,1
记微博,1
尝鲜,1
plogplog,1
金泳,1
勋超话,1
勋国,1
泳勋,1
记带,1
梅花,1
开成,1
雪海,1
漫步,1
西湖,1
边灵峰,1
探梅处,1
暗香,1
浮动,1
快约,1
好友,1
别错过,1
朋友圈,1
小伙伴,1
扎心,1
老铁笑,1
一下子,1
店里,1
摸个,1
舍不得,1
捉妖,1
玄幻,1
烧脑,1
零差评,1
百看,1
不腻,1
古言文较,1
多一些,1
看过,1
剧情,1
宅家,1
睡够,1
散散步,1
慢悠悠,1
吃顿,1
午饭,1
omakase,1
用费,1
脑选菜,1
不食,1
省心,1
三文鱼,1
刺身,1
到化,1
不开,1
被治,1
宁哥,1
霸王,1
万万,1
乖乖,1
大鸟,1
依人,1
awslawslawsl,1
说宁,1
玩得,1
放大,1
右上角,1
五线谱,1
小撒狗,1
曲谱,1
现场会,1
首歌,1
一餐,1
辜负,1
用心,1
一顿饭,1
闪闪发光,1
不慌不忙,1
正经事儿,1
红烧,1
糖色,1
慢炖,1
BGM,1
这锅,1
晨跑,1
虫儿,1
HuluJapan,1
八重,1
南口,1
投放,1
羽生,1
结弦,1
台站,1
途经,1
事宜,1
向车,1
屁好,1
绝版,1
CCD,1
拍出,1
千禧年,1
核感,1
一瞬间,1
往返,1
利物浦,1
伤情,1
维尔,1
背伤,1
对阵,1
诺丁汉,1
西汉姆,1
球队,1
客场,1
连战,1
狼队斯,1
洛特,1
赛前,1
缺战,1
上周,1
太早,1
时刻,1
愉快,1
纯属,1
博君,1
一乐,1
橘毛,1
入梦,1
档出,1
今年春节,1
出圈,1
莫家,1
沙暴,1
百强,1
足球,1
玩脏,1
宇强,1
半米,1
葛洋,1
黄凯,1
弄脏了,1
保险柜,1
录音机,1
赌怕,1
号召力,1
电影票房,1
热血沸腾,1
澡堂子,1
开业,1
结尾,1
张驰,1
胜利者,1
喝彩,1
猛喷为,1
助兴,1
许久,1
喜悦,1
飞舞,1
彩带,1
四溅,1
水花,1
拉满光,1
一古,1
鹿儿,1
六套,1
一抱,1
恶魔岛,1
丑闻,1
揭露,1
布里克,1
上映,1
离奇,1
删减,1
开眼,1
戒镖人,1
设定,1
出不去,1
分明,1
小七狼,1
狼崽子,1
野性,1
狮子王,1
女王,1
谛听,1
猎豹,1
快准,1
银渐,1
层本,1
燕子,1
狐狸,1
机灵,1
迷人,1
封神,1
十六,1
得意,1
沉思,1
释怀,1
复刻,1
钢管舞,1
巴音,1
布鲁克,1
之王,1
周冠宇,1
车手,1
部件,1
运作,1
里叶,1
悲剧,1
升华,1
叫醒,1
白敬亭,1
王姐,1
缘分,1
续到,1
完镖人,1
天刷,1
这人,1
远比,1
少说多做,1
混迹,1
职业,1
人为,1
银两,1
奔走,1
随性,1
洒脱,1
不拘小节,1
安利,1
此女,1
剧宣,1
神有,1
敬业,1
屁微,1
博之夜,1
内场,1
台州,1
陈女士,1
菜叶,1
布满,1
小黑点,1
发到,1
求助,1
认出,1
排泄物,1
下方,1
蠕动,1
调侃,1
三步,1
小羊,1
拍客,1
澎湃,1
军事冲突,1
相继,1
文化场所,1
人类文明,1
避险,1
阴影,1
初中生,1
晕倒,1
心肌炎,1
吃零食,1
病毒,1
初三,1
化名,1
征兆,1
地倒,1
上学,1
赶到,1
散大命,1
一线,1
累计,1
经市,1
卵巢囊肿,1
挂号,1
妇科疾病,1
邯郸市,1
妇幼保健,1
小莉入,1
体检,1
B超,1
左侧,1
卵巢,1
混合性,1
包块,1
恋爱,1
没谈过,1
会得,1
妇科病,1
一查,1
服务区,1
该不该,1
拿走,1
初六,1
洛阳,1
掉落,1
摄像头,1
陌生,1
全过程,1
踩住,1
四周,1
临沂,1
最怕,1
胶着,1
生意,1
日至,1
棕榈岛,1
张俊毅,1
经视,1
业主,1
自说自话,1
桥栏杆,1
应有,1
肖家,1
护栏,1
质量,1
用于,1
栏杆,1
焊接,1
点不舍,1
离开,1
首轮,1
提价,1
单品,1
平均,1
排长队,1
武商,1
MALL,1
世贸,1
扒出,1
手腕,1
所戴,1
刷到,1
小男孩,1
保佑,1
长高,1
好好学习,1
祝愿,1
ysl,1
有益,1
人活,1
唯物主义者,1
无关,1
也许,1
一语,1
算是,1
得偿,1
惊现,1
橡胶套,1
因吞入,1
送医,1
硬质,1
破损,1
易燃,1
液体,1
泄漏,1
不堪设想,1
常规,1
极易,1
划伤,1
拖拽,1
二次,1
医师,1
内镜,1
推入,1
空间,1
教育局,1
表引,1
放学,1
三餐,1
午休,1
逆天,1
表让,1
算了,1
睡眠不足,1
试管,1
漏检,1
京报,1
微评,1
产检,1
容不得,1
半点,1
马虎,1
疏忽,1
滨州,1
医学院,1
附属,1
试管婴儿,1
产前检查,1
并于,1
年初,1
四诞下,1
右足,1
缺失,1
滨州市,1
卫健委已,1
阿尔兹海默,1
症误,1
失眠,1
确诊,1
老年痴呆,1
卫生,1
睡不着,1
白天,1
看病,1
诊断,1
不见,1
临平区,1
中西医,1
广西,1
洒水,1
路段,1
路人,1
纷纷表示,1
素质,1
对此,1
称会,1
谈该,1
改正,1
换掉,1
文采,1
三通,1
一达,1
白皮,1
傲慢,1
房车,1
学历,1
要付,1
好气,1
当长,1
教训,1
称晚,1
喀什,1
驾到,1
剧集,1
成何体统,1
骑马,1
好会,1
田曦薇,1
认真学习,1
武林,1
秘籍,1
田曦,1
小长,1
樊长玉,1
入坑,1
演霸,1
坑演,1
坑底,1
戏外,1
惊叹,1
多面,1
坚韧,1
佩仪,1
生辰,1
亮哥,1
贾乃亮,1
直拍,1
韩国,1
进修,1
张凌赫,1
徐若晗,1
大厦,1
起风,1
觅得,1
一线生机,1
只求,1
活下去,1
辗转,1
终落,1
尘烟,1
帝国,1
那场,1
留在,1
前一晚,1
离宫,1
摇摇晃晃,1
没能,1
看遍,1
慰藉,1
露面,1
这株,1
草有主,1
玫瑰,1
丛生,1
将门,1
后天,1
心目,1
娇娇,1
睁开眼,1
遗诛,1
时红温,1
火车站,1
接晓丹,1
拍戏,1
肉眼,1
健步,1
冲向,1
不轻,1
现挂,1
现编,1
想念,1
挺壮,1
满星轨,1
落定,1
走到,1
终案,1
初遇,1
星辰,1
牵引,1
太史,1
局里,1
独坐,1
观星,1
手握,1
星盘,1
眼藏,1
乾坤,1
历算,1
为刃,1
于深宫,1
独行,1
诡谲,1
里守心,1
何以,1
混沌,1
迷局,1
却照,1
西城,1
课间,1
Johnny,1
时白鹿,1
站佩仪,1
抹额,1
萌而萌,1
围巾,1
看直,1
时嘘,1
张小满,1
大使,1
图包,1
此条,1
不艾特且,1
看且,1
珍惜,1
直直的,1
弯弯的,1
撑起,1
马背上,1
给予,1
安稳,1
怀抱,1
文纫秋,1
再见,1
背影,1
一根,1
芦苇,1
风会,1
马背,1
西瓜,1
吃个,1
实心,1
吵起来,1
淘淘,1
市井,1
晚风,1
大汗淋漓,1
串儿,1
满脸,1
通红,1
呜呜,1
会为,1
小日子,1
打包,1
别太会,1
奶来,1
卖点,1
煎蛋,1
圆圆的,1
只点,1
四分之一,1
老要,1
做法,1
鲜味,1
美巨,1
放到,1
扬州,1
炒饭,1
烹饪,1
教程,1
在外,1
网火,1
一道,1
做菜,1
科学实验,1
开发,1
小记,1
规律,1
喝酒,1
泡沫,1
分开,1
奇奇怪怪,1
西红柿,1
放进,1
电饭锅,1
一滴水,1
很火,1
吃法,1
软烂,1
入味,1
太香,1
一个亿,1
对不起,1
离不开,1
借美,1
内幕,1
外媒爆,1
美政府,1
账户,1
参议员,1
电讯报,1
指控,1
美国政府,1
内幕消息,1
可疑,1
时机,1
赌局,1
牟利,1
百万美元,1
特拉维夫,1
建筑工人,1
建筑物,1
情景,1
咋办,1
领土,1
付出代价,1
率领,1
阿拉伯,1
断交,1
阻止,1
阻止不了,1
谴责,1
诸葛,1
退走,1
活仲达,1
激励,1
士气,1
官员,1
下令,1
以美,1
厌倦,1
言论,1
翻出,1
十多年,1
嘲笑,1
奥巴马,1
谈判,1
赢得,1
大选,1
好战,1
必亡,1
每届,1
打仗,1
打越,1
强盛,1
钱包,1
丧生,1
清除,1
斩草除根,1
真成了,1
心狠手毒,1
黑手党,1
命中,1
人像,1
洞穴,1
躲避,1
中部,1
人一,1
政权,1
崩塌,1
变天,1
离去,1
政教合一,1
剧变,1
激烈,1
想不到,1
内斗,1
地位,1
通告,1
军事行动,1
地理位置,1
科威特,1
运出来,1
中方,1
愣住,1
悲图,1
严禁,1
出谋划策,1
接任,1
临时,1
阿亚图,1
阿里,1
礼萨,1
阿拉,1
暂无,1
没脑子,1
战略,1
纵深,1
炸炸,1
一个月,1
塞西,1
蹦出来,1
死字往,1
沙滩,1
人口,1
不吭声,1
进水,1
越往后,1
下个,1
执政者,1
扰愁,1
利比亚,1
称佩泽希齐扬,1
复仇,1
事务,1
迈赫迪,1
塔巴,1
巴伊,1
写道,1
同日,1
刘兰芳,1
非遗,1
盛宴,1
文化遗产,1
被誉为,1
活化石,1
俗称,1
正月,1
河南省,1
宝丰县,1
城南,1
核动力,1
德国总理,1
中默茨,1
竞争力,1
平衡,1
四天,1
炒肉,1
开辟,1
攻陷,1
免签,1
目的地,1
品尝,1
特色美食,1
之余,1
家乡,1
绿色,1
海底,1
标志性,1
发源,1
生平,1
入狱,1
候选人,1
暗杀,1
升温,1
确美以,1
情报机构,1
总能,1
军中,1
上将,1
首级,1
为期,1
联想,1
逃脱,1
情报,1
追踪,1
表态,1
称以,1
内塔尼亚胡,1
攻坚,1
建军,1
样貌,1
浪潮,1
奔涌,1
虎旗,1
永扬,1
传承,1
称号,1
第一代,1
甲型,1
炮艇,1
第五代,1
现代化,1
从东,1
海之滨,1
亚丁湾,1
一代代,1
猛虎,1
传人,1
驾驶,1
不断更新,1
大洋,1
续写,1
航迹,1
那面,1
永不,1
褪色,1
英雄,1
战旗,1
金融股,1
血色,1
危机,1
敞口,1
冒头,1
联社,1
日讯,1
名不见经传,1
供应商,1
破产,1
重创,1
更大,1
蓬勃发展,1
私募,1
科学界,1
再发,1
恶性,1
枪击案,1
上午,1
分许,1
接到,1
报警,1
羚羊,1
利亚诺,1
住宅,1
门廊,1
躯干,1
流出,1
血迹,1
急救,1
中弹,1
死者,1
加拿大籍,1
天体,1
物理学家,1
CarlGrillmair,1
事发,1
地赖,1
换汤不换药,1
软化,1
语气,1
话术赖,1
改口,1
信号,1
措辞,1
两岸,1
激起,1
不小,1
波澜,1
台湾地区,1
海基会,1
台商,1
致辞,1
时一改,1
过往,1
闭口,1
表述,1
标签,1
上大,1
洗剂,1
氯乙烯,1
板结,1
发硬,1
保暖性,1
有机溶剂,1
外层,1
面料,1
涂层,1
天眼,1
金融,1
监管局,1
批复,1
中文名称,1
简称,1
英文名称,1
CHINARESOURCESBANKOF,1
间保,1
租房,1
郑州,1
首批,1
郑州市,1
管理局,1
我市,1
租赁,1
房源,1
进一步,1
郑新,1
青年人,1
群体,1
须知,1
水洗标,1
回升,1
一年一度,1
使命,1
存放,1
大件,1
衣物,1
洗太累,1
洗不干,1
投票,1
业委会,1
小区,1
六次,1
筹建,1
遇阻,1
利润,1
七成,1
爱奇,1
艺归母,1
净利润,1
由盈,1
转亏,1
喜忧参半,1
成绩单,1
狂飙,1
创下,1
热度,1
减少,1
拖累,1
NonGAAP,1
美国通用,1
会计准则,1
人手,1
一台,1
多远,1
郭达往,1
上推,1
ABCD,1
印着,1
丰田,1
货箱,1
名叫,1
缺心眼,1
国人,1
诙谐,1
科幻电影,1
程序,1
单方,1
自动,1
合法,1
豆品,1
操作失误,1
促销,1
近乎,1
白送,1
抢购一空,1
海量,1
随后,1
发布公告,1
复盘,1
前瞻,1
跳空,1
锤子,1
动能,1
设立,1
止盈,1
银锡,1
断层,1
见好就收,1
一同,1
大象,1
起舞,1
衰竭,1
企稳,1
跟踪,1
摸板,1
分批,1
兑现,1
海格,1
大浪,1
回调,1
不宜,1
贪多,1
字加,1
拉高,1
进场,1
拉升,1
打压,1
持股,1
施压,1
逼迫,1
割肉,1
离场,1
截止,1
目前为止,1
中富,1
电路,1
互动,1
富贵,1
常在,1
赌客,1
第一步,1
捆绑,1
霸主,1
续命,1
明明白白,1
洗盘,1
带血,1
逼近,1
前高,1
一切都是,1
克价涨,1
克价,1
如所料,1
昨天晚上,1
博文,1
手里,1
现金,1
仓位,1
不好受,1
虽美以,1
化工,1
仅仅,1
化工产品,1
甲醇,1
硫磺,1
第三,1
尿素,1
化肥,1
墨龙,1
强势,1
扣个,1
取暖,1
零花钱,1
大肉,1
爽歪歪,1
TMT,1
半导体,1
科技股,1
股天孚,1
利欧,1
三花智控,1
光标,1
立讯,1
领跌,1
模块,1
新易盛,1
中际旭创,1
领涨,1
大卖,1
题材,1
电荒,1
欧美,1
燃气轮机,1
西门子,1
GE,1
排期,1
排到,1
造不,1
是量,1
利齐,1
升量,1
多到,1
扩产,1
钱利,1
太缺,1
金银,1
涨爆,1
开打,1
国际原油,1
银价,1
降下来,1
售出,1
身形,1
消瘦,1
小三小四,1
资产,1
还债,1
提神,1
GF,1
实盘,1
交易,1
男主对,1
蓄谋已久,1
曼达林,1
墨宝,1
非宝,1
检边,1
林素,1
他求,1
三刷,1
过超,1
常客,1
摩斯,1
由方,1
樱海,1
陈星灿,1
留学,1
合伙人,1
二代,1
女非,1
一见钟情,1
撞见,1
分手,1
徐算,1
女作家,1
Isabel,1
骄傲地,1
伍尔夫,1
那本书,1
第二个,1
南非,1
Denis,1
摄影师,1
Adine,1
花园,1
动机,1
Daniela,1
PEPA,1
再版,1
西西,1
弗刷边,1
青灰色,1
砖红,1
脱口,1
赞道,1
畅销书,1
清秋,1
仙子,1
冰河,1
耽萌,1
一瞬,1
没过,1
完版,1
上位,1
排行榜,1
女主是,1
试婚,1
裴连,1
原炀穿,1
女仆,1
装原,1
自始至终,1
态度,1
按着,1
沉着,1
推开,1
试图,1
挣扎,1
癖好,1
情愿,1
可顾青,1
裴帮,1
离得,1
春韵,1
穆穆良,1
论坛,1
发情期,1
上先,1
爱中,1
考古,1
孙不眠,1
戏神,1
宝子,1
哪篇,1
一百万,1
随地,1
真不知道,1
圈子,1
宝子别,1
不理,1
装傻,1
真傻,1
泪泪泪,1
小糊豆穆,1
twi,1
细白,1
剥开,1
果皮,1
果肉,1
牙齿,1
使劲,1
就响,1
发来,1
坦桑尼亚,1
无意识,1
舔着,1
尖上,1
牙印,1
单手,1
汇成,1
字幸,1
拖把,1
开门见山,1
欠同,1
妙处,1
在于,1
网络小说,1
变迁,1
网络文学,1
末世,1
二创,1
季看,1
灯花,1
外貌,1
描述,1
鲈鱼,1
嘟嘟,1
最合适,1
合照,1
轻抚,1
今人,1
好似,1
故人,1
国泰民安,1
送达,1
消磨时光,1
发呆,1
甜品,1
康康,1
距离,1
倾斜,1
来学,1
时常,1
别烂,1
枯木逢春,1
感受一下,1
低成本,1
一组,1
美图,1
六张,1
万达,1
边上,1
拍到,1
拍下花,1
景色,1
年味,1
young,1
全站,1
模版,1
入目,1
心安,1
归处,1
外观,1
遥遥领先,1
电车,1
代号,1
该车,1
PPC,1
干到,1
通勤,1
用油,1
纯电开,1
早晚,1
出事,1
车企们,1
战报,1
台蔚来,1
台小鹏,1
台极,1
月销量,1
北汽,1
蓝谷,1
子公司,1
产量,1
蔚来,1
老板娘,1
两眼,1
统计,1
闺蜜家,1
后排,1
小憩,1
片刻,1
车机,1
用度,1
善解人意,1
开着,1
四平八稳,1
老夫,1
下个月,1
客气,1
国贸,1
太贵,1
两三天,1
万辆,1
年智驾,1
变革,1
要来,1
定点数,1
蒙蔽,1
认同,1
拼装车,1
定点,1
数量,1
规模,1
第三方,1
注重,1
统一,1
基座,1
款实,1
邻居家,1
LA,1
概念车,1
VisonGT,1
GT,1
赛车,1
联合开发,1
甄子丹,1
提极,1
位叶,1
列阵,1
咏春,1
笑言开,1
这车,1
十一个,1
暗夜,1
紫赠,1
爱妻,1
柔情,1
高强,1
全栈,1
加持,1
无忧,1
魔毯,1
驾乘,1
实力,1
邂逅,1
风范,1
买车,1
看重,1
参数表,1
零百,1
实打实,1
可靠性,1
家用,1
承载,1
一家老小,1
六座,1
皮实,1
耐造,1
硬道理,1
没听说过,1
哥们儿,1
猛开,1
蓝山,1
想想,1
跨国,1
长途跋涉,1
烂路,1
这辆,1
五菱,1
厂里,1
兢兢业,1
质检,1
级别,1
优势,1
均衡,1
先不看,1
参数,1
找出,1
缺点,1
四驱,1
不减,1
配纯电,1
房率,1
纯电四驱,1
标配,1
激光雷达,1
铂金,1
音响,1
增程,1
一辆车,1
地利,1
之心,1
因斯布鲁克,1
svip,1
到期,1
同构,1
发发,1
渐渐,1
暴富,1
财请,1
绝代双娇,1
Hi,1
眉梢,1
红豆,1
冬暖,1
姐感,1
魚宙,1
平时,1
太忙,1
文案,1
当回事,1
复制粘贴,1
发配,1
黑衣,1
石家庄,1
玩好,1
PhuketTown,1
蓝天白云,1
阳光明媚,1
泰国,1
普吉,1
打开方式,1
不忙,1
Citywalk,1
南洋,1
彩色,1
骑楼,1
吊带,1
走走,1
逛逛,1
文艺,1
PhuketMuseum,1
花墙,1
室内,1
乐园,1
孙颖莎祝,1
龙马精神,1
发博马,1
老朋友,1
共同进步,1
训练馆,1
国家乒乓球队,1
球迷,1
期谷,1
每天晚上,1
必做,1
练起来,1
视而不见,1
中国男篮,1
中国台北,1
赛后,1
中国篮协,1
郭振明,1
更衣室,1
带领,1
中国篮球,1
幸好,1
篮协,1
变脸,1
国乒孙颖莎,1
包揽,1
冠亚军,1
颁奖仪式,1
爱孙颖莎,1
一架,1
整理,1
表情,1
偷笑,1
忘不了,1
奥运,1
女爱豆,1
福富,1
之路,1
奥拉,1
帕拉南,1
丽莎,1
贝塔,1
萨马拉,1
石洵瑶,1
早田希娜,1
陈熠,1
CHN,1
再婚,1
前脚,1
后脚,1
地道,1
女婿,1
新篇章,1
前妻,1
官司,1
三年,1
法庭,1
财产,1
分割,1
抚养权,1
一系列,1
拉扯,1
干脆,1
夺得,1
上海站,1
手速,1
快冲谷,1
即兴,1
谷爱凌金,1
冬奥会,1
赛场,1
篮里,1
塞进,1
口袋,1
自由式,1
场地,1
决赛,1
第三枚,1
冬奥,1
金丝,1
带系成,1
头上,1
极光,1
吵架,1
顶峰,1
咪咕,1
体育,1
郑钦,1
文秀出,1
黄黑,1
郑钦文,1
友情,1
拉波娃,1
多大,1
代价,1
一两句,1
说不清楚,1
存图,1
自拍,1
武大,1
靖要,1
比羽生,1
结弦帅,1
眼神儿,1
窥见,1
多项,1
推测,1
有望,1
入门级,1
呼声最高,1
供应链,1
多方,1
加量,1
加价,1
策略,1
倒模,1
接电话,1
盗版,1
多层,1
海外版,1
LEITZPHONE,1
独特,1
磨砂,1
后盖,1
竖置徕,1
Logo,1
边框,1
变焦,1
规格,1
图标,1
简约,1
黑白,1
存储空间,1
够用,1
拿出,1
吐槽,1
原价,1
亏了,1
这倒,1
数码产品,1
长远,1
电子产品,1
降价,1
摆正,1
买手机,1
纠结,1
爆爽,1
相隔,1
外长,1
生命危险,1
最新款,1
注定,1
焦点,1
旗下,1
首款,1
折叠,1
iPhoneFold,1
直板,1
新品,1
芯片,1
买防,1
窥膜,1
像素点,1
防窥太牛,1
太牛,1
性能,1
六百六十,1
心贝,1
吉塔,1
数码科技,1
回本,1
起约,1
电池,1
相较,1
星宇,1
沉稳,1
保留,1
橙色,1
已超,1
生态,1
众所周知,1
模仿,1
出场,1
赞赞,1
入侵,1
千只,1
选陈,1
呼吸机,1
明明,1
一孙千,1
Arthur,1
其他人,1
Steve,1
事前,1
孙千,1
老实,1
粉红,1
飘满,1
何炅,1
玩游戏,1
痛觉,1
客栈,1
长治,1
早早,1
撩上,1
灯糕,1
转上,1
花灯,1
快来,1
接住,1
这盏,1
时来运转,1
通通,1
灯记,1
名下,1
湖南卫视,1
全员,1
复工,1
六街,1
有乐,1
源泉,1
这姐,1
责任感,1
排他性,1
极强,1
择偶,1
八卦,1
姐姐,1
这语,1
雇主,1
包给,1
雷霆,1
以假换,1
调包,1
雇主家,1
十几个,1
包卖,1
二奢,1
真包,1
万光,1
过强,1
前科,1
龚俊,1
陈星旭林,1
图打,1
第二季,1
冲浪,1
达人,1
刘宇识,1
如神,1
TMEA,1
鞠婧,1
都灵,1
生命力,1
切实,1
一趟,1
泉州,1
风土人情,1
扑面而来,1
五官,1
感好,1
大屏幕,1
倾倒,1
太红,1
相认,1
自嘲,1
难搞,1
实则,1
相处,1
看高,1
一季,1
海浪,1
处变不惊,1
撒娇,1
坚强,1
小女生,1
流泪,1
这年,1
人唱出,1
千军万马,1
羞耻,1
鞭炮声,1
防走光,1
新技能,1
双重,1
保险,1
抖抖,1
一群,1
洋娃娃,1
美人迪丽,1
行前,1
县城,1
看秀,1
酷肖,1
战杨,1
唐嫣,1
夏之光,1
康乐,1
小鬼,1
王琳凯,1
宋雨琦宁,1
艺卓,1
登陆,1
朱志鑫,1
张泽禹,1
极左,1
航苏,1
新皓,1
何浩楠,1
fantasy,1
假国,1
空投,1
ps,1
热心,1
生图,1
美成,1
HiBye,1
风度翩翩,1
刘宇卷,1
中人,1
星期二,1
Dior,1
秋冬,1
成衣,1
有迪丽,1
LinglingKwongOrmKornnaphat,1
黄铉辰,1
jisoo,1
金智秀,1
李昀锐,1
预感,1
这张,1
小卡会,1
贵笑,1
赵露,1
思张,1
真源,1
最舒服,1
眼镜,1
一戴,1
视界,1
双双,1
拿捏,1
第三天,1
叶童,1
女友,1
上马,1
年味续,1
转赞后,1
爆好,1
无敌,1
全补圆,1
天降,1
大喜事,1
憋不住,1
惦记,1
人正,1
发消息,1
解析,1
懂事,1
越敢,1
备胎,1
伸手,1
抓住,1
过得,1
顺心,1
这会,1
模式,1
顺风,1
顺水,1
过川,1
普是,1
宫运,1
但鹰,1
国运,1
上台,1
来会,1
玩命,1
全民,1
盘会,1
踏过,1
body,1
衰衰衰,1
转赞,1
佳节,1
万事,1
亨通,1
清净,1
自在,1
红光,1
映雪福满,1
千门,1
天秤座,1
诸事,1
天蝎座,1
大吉大利,1
射手座,1
亲妈,1
八字,1
财星,1
长辈,1
精神痛苦,1
命里注定,1
一锭,1
同化,1
禄年,1
得禄,1
人生路,1
某某某,1
长命百岁,1
吉祥如意,1
Crystal,1
周运,1
桃花运,1
最旺,1
土象,1
专区,1
摩羯座,1
几句,1
命里,1
冲刑,1
害合,1
当令,1
留意,1
属鸡,1
相冲,1
冲着,1
正面交锋,1
相左,1
有事,1
硬顶,1
侧身,1
借力,1
聚财,1
财源滚滚,1
四面八方,1
财宝,1
金银财宝,1
事业兴旺,1
财源,1
吉星高照,1
上旬,1
情感,1
分析,1
旧人,1
回头,1
忏悔,1
热烈,1
天会,1
宝剑,1
左向右,1
惦记着,1
另一边,1
黑马,1
顶呱呱,1
转走,1
此图,1
郁闷,1
五行,1
为木,1
接接,1
树气,1
抱树,1
肝气,1
抒发,1
树体,1
寒者,1
宜选,1
阳气,1
柏树,1
体热,1
可选,1
榕树,1
柳树,1
杉树,1
增强,1
大时,1
榆树,1
梧桐,1
十二生肖,1
丑牛,1
印主事,1
牛人,1
强劲,1
发挥,1
抓住机会,1
刮目相看,1
陪陪,1
享享,1
天伦之乐,1
申猴,1
七杀,1
主事,1
三合,1
玄学,1
贵气,1
穷人,1
富相,1
暂时,1
时日,1
年论,1
稍微,1
弹道导弹,1
躲过,1
发铁穹,1
耶路撒冷,1
看铁穹,1
升空,1
赶紧,1
下楼,1
沙特阿拉伯,1
逃过,1
自杀式,1
原油,1
阿美,1
斯坦努,1
受其,1
原油价格,1
美金,1
两枚,1
万美金,1
亿美元,1
精度,1
不低,1
aigc,1
国粹,1
战果,1
请问,1
停战,1
多架,1
坠毁,1
一刀,1
封喉,1
夷平,1
利雅得,1
美国空军,1
驻扎,1
预警机,1
加油机,1
必胜,1
餐馆老板,1
拦截导弹,1
火药味,1
华人,1
四国,1
报复性,1
中餐馆,1
目击,1
接班人,1
拉里,1
贾尼说,1
伤害,1
回击,1
太快,1
犁地,1
发帖,1
终点,1
防空,1
出图,1
战区,1
某部,1
飞行,1
临机,1
导调,1
检验,1
部队,1
快速反应,1
实战,1
打下,1
坚实基础,1
军号,1
照杀,1
不误,1
撤离,1
里头,1
躲起来,1
门儿清,1
哪家,1
几楼,1
号房,1
一清二楚,1
新鲜事,1
强烈要求,1
国别,1
核武器,1
大度,1
腰疼,1
封锁,1
武警,1
朱玲,1
重大事故,1
牺牲,1
时才,1
巾帼英雄,1
猛烈,1
进攻,1
阿富汗,1
高层,1
武装,1
分子,1
打死,1
GhazabLilHaq,1
瞄准,1
坎大哈,1
军部,1
旅部,1
弹药库,1
后勤,1
帕克蒂亚,1
面前,1
风新材,1
沧州,1
大化,1
免责,1
本文,1
思路,1
仅供,1
关联,1
分为,1
研究,1
开采,1
中曼,1
广汇,1
设备,1
中海油,1
杰瑞,1
油运,1
南油,1
赤峰,1
紫金,1
矿业,1
喜提,1
涨停板,1
可喜可贺,1
惊心动魄,1
交易日,1
率先,1
反弹,1
千载难逢,1
良机,1
国晟,1
锆业,1
业注,1
把握,1
私信,1
微姐,1
开实盘,1
长虹,1
财富,1
飙升,1
榜前,1
第一名,1
洲际,1
第二名,1
第三名,1
第四名,1
华胜天,1
第五名,1
工商业,1
第六名,1
第七名,1
第八名,1
第九名,1
航运,1
港口,1
谨记,1
铁律,1
看上,1
别慌,1
开市,1
缺油,1
英法德,1
海湾,1
债务,1
支出,1
财政,1
游轮,1
股盘,1
股指,1
期货,1
成交额,1
看头,1
清仓,1
手法,1
犀利,1
龙头企业,1
汇总,1
冶炼,1
分离,1
广晟,1
有色,1
中重,1
一体化,1
布局,1
中钨高新,1
硬质合金,1
锂电,1
精矿,1
深加工,1
翔鹭钨业,1
持有,1
风险投资,1
需谨慎,1
国防,1
梳理,1
三天,1
原形,1
制造,1
华如,1
仿真,1
观想,1
初始,1
康强,1
电子,1
买进,1
跟进,1
钢铁,1
金银珠宝,1
基建,1
点真,1
兵团,1
内地,1
劳动力,1
举措,1
落户,1
每人,1
义务教育,1
补助,1
真实有效,1
楼盘,1
人买,1
留子,1
留学生,1
每月,1
大不大,1
迷惑,1
低层,1
下行,1
关张,1
喊穷,1
喊难,1
满房,1
有钱人,1
节假日,1
出行,1
花点,1
扎进,1
人堆,1
平方,1
富人,1
中产,1
赋闲,1
少见,1
陕西,1
转悠,1
乡村,1
古建,1
顶个,1
如醉如痴,1
高跟鞋,1
梁上,1
猛拍,1
近老登,1
老登,1
再有,1
七八年,1
一次性,1
刚买,1
啥意思,1
期房,1
收房,1
房主,1
获赔,1
零距离,1
葱省,1
女同学,1
微博下,1
几十年,1
通胀,1
货币贬值,1
路径,1
很难,1
轻易,1
不合时宜,1
跌跟头,1
看清,1
做主,1
贷人,1
工薪,1
青睐,1
手续,1
法律法规,1
为准,1
最多能,1
无论怎样,1
理由,1
要涨,1
老外,1
卖多贵,1
调节价,1
咱买,1
多贵,1
咱有,1
信心,1
老破,1
不动产,1
姚洋,1
接盘,1
中储,1
房稳,1
天价,1
百代,1
唱片,1
一平,1
平先,1
这笔,1
分量,1
国家统计局,1
城镇职工,1
平均工资,1
普通职工,1
不吃不喝,1
要攒够,1
大白,1
墙有,1
贴满,1
墙纸,1
打理,1
趣味,1
越住,1
几千,1
大衣,1
高端,1
床毯,1
竟是,1
一步步,1
变来,1
图一是,1
图二是,1
摆法,1
清洁,1
完毕,1
万福,1
屋企,1
理静待,1
过碌蔗,1
改行,1
家具,1
美容,1
手艺,1
真不错,1
唯美,1
助眠,1
蛋炒饭,1
先进,1
灰到,1
多巴胺,1
小屋,1
少物,1
克制,1
女朋友,1
剩下,1
一小块,1
合理布局,1
滚筒,1
水温,1
过低,1
欣慰,1
亮灯,1
homewalk,1
到来,1
筒子,1
生物,1
鹦鹉,1
放生,1
见仅,1
付款,1
带有,1
玉米,1
手欠,1
awsl,1
猛地,1
蒙住,1
抱住,1
怀疑,1
阿拉斯,1
猪拉,1
雪橇,1
小心翼翼,1
臭美,1
狗狗,1
打瓦,1
錄音,1
di,1
慢食,1
警长,1
胃袋,1
卡住,1
鸡毛掸子,1
邓超,1
相见恨晚,1
睡眠,1
我来,1
小狗狗,1
奇遇记,1
老爷爷,1
讨鱼,1
课本,1
技术圈,1
继大,1
交互方式,1
关键技术,1
Anthropic,1
MCPModelContextProtocol,1
端的,1
网页,1
WebApp,1
AIA,1
地铁,1
手挡,1
社恐,1
防窥,1
看不见,1
像素,1
拍清爱豆,1
发丝,1
动嘴,1
图社,1
恐星,1
狂喜,1
干活,1
商业价值,1
高精度,1
重复劳动,1
螺柱,1
稳又准,1
啥时候,1
家务,1
纳闷,1
整屏,1
弹出来,1
冒个,1
横条,1
锁屏,1
成全,1
两下,1
侧边,1
横幅,1
天道,1
轮回,1
苍天,1
饶过,1
炸弹,1
时间段,1
外国,1
投诉,1
崩坏,1
应验,1
多花,1
冤枉钱,1
加大,1
商超,1
品类,1
年内,1
亿元,1
额外,1
销售,1
增量,1
台湾,1
高科技,1
不买,1
雷军,1
从梅,1
拉尼,1
纪录片,1
扑街,1
没想,1
赤裸裸,1
行贿,1
受贿,1
花钱,1
破事,1
大殖子们,1
如鸡,1
dogedogedogedoge,1
速度,1
作战,1
序列,1
新视野,1
年安卓机,1
三星,1
上手,1
安卓,1
阵营,1
实测,1
机皇之争,1
变味,1
分高,1
定义,1
服气,1
硬件,1
层面,1
双持,1
轻薄,1
日用,1
一部,1
环形,1
模组,1
开山,1
双曲面,1
机身,1
无论是,1
手感,1
时快,1
闲鱼,1
失业,1
冰块,1
煎锅,1
百思,1
但凡,1
强有,1
宇航员,1
天呐,1
微博超,1
微博涨,1
无数次,1
液压机,1
出新,1
一粒,1
外边,1
闪电,1
出窍,1
三层,1
钢丝,1
光滑,1
请以,1
揣测,1
陌生人,1
圆珠笔,1
原理,1
填成,1
惊人,1
过家家,1
爹地,1
妈咪,1
画师,1
smaiii,1
练得,1
不知,1
天地,1
何物,1
打电话,1
泪奔泪,1
奔泪,1
幽默,1
灵感,1
男天,1
我担,1
同担,1
男来,1
抽来,1
抽抽,1
包上,1
谷美,1
重度,1
马迷,1
无疑,1
小树,1
顾昀,1
怀里,1
差爽,1
VS,1
无语,1
COS,1
衣柜,1
私设,1
Mood,1
江叔,1
感想,1
mob,1
这段话,1
放在,1
横行,1
同人,1
片段,1
拍摄角度,1
空洞地,1
执行命令,1
单独,1
反正,1
梦想成真,1
如愿以偿,1
长出,1
秀发,1
我哩个,1
强爆,1
改霸,1
总强,1
了不得,1
偶像,1
包袱,1
真心,1
践踏,1
受不了,1
虚拟,1
粉丝网,1
追问,1
第一章,1
顺序,1
主角,1
蠢事,1
出声,1
围殴,1
抱头鼠窜,1
大熊,1
惹怒,1
所有人,1
肥美,1
纯外耗,1
打不起,1
高尔夫,1
拖式,1
索道,1
握住,1
松手,1
体面,1
一点儿,1
上山,1
小沈碎,1
碎念,1
网球,1
健身运动,1
不动,1
痒痒,1
机能,1
下降,1
好开心,1
卸片,1
总卸,1
单边,1
尼玛,1
龙级,1
灾害,1
猪头,1
年龄段,1
精气,1
练腿,1
仙品,1
矫正,1
健身房,1
没带,1
无欲无求,1
不带,1
过渡,1
无求,1
心仪,1
油管,1
上火,1
这几天来,1
广州,1
出差,1
allin,1
雷打不动,1
姨妈,1
没练,1
一圈,1
开练,1
几岁,1
多岁,1
赵文卓,1
萎缩,1
解药,1
好快,1
球技,1
长进,1
上瘾,1
饭后,1
最快,1
冬日,1
什刹海,1
滑冰,1
沦陷,1
总要,1
巍峨,1
连绵起伏,1
澄澈,1
碧波万顷,1
静谧,1
麦田,1
拼凑出,1
日出日落,1
裹挟,1
慢得,1
不像话,1
抛开,1
好多好多,1
很差,1
玛特,1
板鸭,1
颜悦色,1
十步,1
金粒,1
杜甫,1
江阁,1
老街,1
微博过,1
玩家,1
长途,1
四姑娘山,1
城能集,1
魔力,1
一体,1
LosAngeles,1
加利福尼亚州,1
不夜城,1
好莱坞,1
梦工厂,1
脉搏,1
潮流,1
激荡,1
艺术,1
创意,1
勃发,1
美景,1
交相辉映,1
加州,1
追完,1
闪烁,1
爆闪团,1
杨柳,1
草甸,1
茶马,1
古道,1
之外,1
骑行,1
水杉,1
红透,1
海鸥,1
住进,1
临湖,1
美宿,1
日出,1
水面,1
再配,1
一锅,1
鲜掉,1
眉毛,1
出游,1
全攻略,1
称为,1
名不虚传,1
天气预报,1
没报,1
期望,1
离谱,1
友友,1
详细,1
霞浦县,1
可不,1
商贸城,1
市区,1
佛堂,1
本地人,1
私藏,1
宝藏,1
码头,1
浙中,1
商埠,1
鸡毛,1
换糖,1
铃铛声,1
巷子,1
青石板路,1
随处,1
遇编,1
竹篮,1
手艺人,1
茶馆,1
闲聊,1
声老,1
迷死,1
要选,1
海水,1
环岛游,1
南澳岛,1
左手,1
峭壁,1
右手,1
季节,1
微凉,1
流连忘返,1
往事,1
随云,1
李健,1
耳边,1
踏上,1
这片,1
包裹,1
秘境,1
冰洞,1
蓝冰,1
气泡,1
应接不暇,1
好玩,1
冰上,1
民俗,1
祈福,1
冰屋,1
午餐,1
温泉,1
日游,1
景迈,1
山翁,1
林里,1
景迈山,1
万亩,1
古茶,1
林间,1
放空,1
千年,1
村寨,1
静卧在,1
山野,1
青瓦,1
木楼,1
依山,1
建一呼,1
一吸,1
清新,1
服饰,1
寨子,1
纹样,1
古寨,1
光影,1
相融,1
傍晚,1
时分,1
最是,1
夕阳,1
风车,1
花海,1
童话,1
夏季,1
天路,1
Windows,1
桌面,1
自驾,1
油画,1
微博赴,1
山海,1
行路,1
拥抱,1
桦皮,1
岭东,1
油菜花,1
金黄,1
几率,1
海景,1
整片,1
米果,1
BARONYBOUTIQUECOLLECTION,1
精选,1
百平,1
大套,1
房里,1
日升,1
顶楼,1
无比,1
开畅,1
独享,1
开窗,1
乘着,1
阿尔卑斯,1
漫游,1
之旅,1
SBB,1
铁路,1
便捷,1
交通,1
脉络,1
线路,1
密织,1
全境,1
腹地,1
阿尔卑斯山,1
小镇,1
站点,1
无缝,1
衔接,1
无需,1
繁琐,1
铁轨,1
湖光山色,1
车厢,1
一等,1
宽敞,1
开阔,1
整洁,1
不宅家,1
如果说,1
总有,1
十万八千,1
脑海,1
来过,1
本条,1
游玩,1
四大,1
一抹,1
一阵,1
椰风,1
抚平,1
亚微博,1
色拉寺,1
拉萨,1
底色,1
午后,1
辩经场,1
僧袍,1
翻飞,1
击掌,1
声声,1
震彻,1
庭院,1
唇枪舌剑,1
思辨,1
藏传佛教,1
最本,1
修行,1
藏语,1
那份,1
真理,1
信仰,1
穿透,1
直抵,1
斑驳,1
回廊,1
壁画,1
凝住,1
色彩,1
去过,1
总体,1
不论是,1
民宿,1
不远,1
八九点,1
热闹,1
宁曼路,1
逛起来,1
酒吧,1
内外,1
游览,1
完它,1
区间,1
拉屎,1
足够,1
空心,1
办法,1
醒来,1
盼头,1
风格,1
坏事,1
单壶,1
轮转,1
劲通,1
百骸,1
日练,1
不辍,1
身强,1
体健,1
增肥,1
巨减,1
五天,1
十斤,1
瘦身,1
普拉提,1
初体验,1
礼拜,1
食谱,1
不靠,1
回归,1
老祖宗,1
减重,1
圈里,1
高脂肪,1
碳水化合物,1
适量,1
主食,1
升高,1
脂肪,1
堆积,1
菜单,1
必练,1
围度,1
绝子,1
狮身,1
人面,1
线条,1
好好看,1
下犬式,1
背部,1
挺拔,1
大猫,1
肩周,1
天鹅,1
手臂,1
纤细,1
两边,1
起跑,1
中式,1
减脂餐,1
虾仁,1
活力,1
塑形,1
八段锦,1
肩颈,1
操太牛,1
越养越,1
瘦成,1
王祖贤,1
胖子,1
跑步,1
静态,1
促使,1
枣泥,1
脑袋,1
枣沙饼,1
枣味,1
浓郁,1
醇厚,1
外皮,1
爽飞,1
甜味,1
温润,1
市面,1
甜腻,1
口多,1
几块,1
枣香,1
相爱,1
内馅,1
灰枣,1
精制,1
而成,1
灰开,1
宠粉,1
老面皮,1
肉馅,1
加热,1
肉汁,1
渗进,1
皮子,1
位小,1
姜丝,1
普一人,1
日食,1
嵊州,1
遗工坊,1
出品,1
发酵,1
一口气,1
解冻,1
飞转,1
超人气,1
口碑,1
现言金作,1
签声,1
甜人靓,1
空中,1
管制员,1
孟黎,1
冷傲,1
矜贵,1
民航机,1
长厉,1
久别重逢,1
单向,1
一款,1
有心,1
葱花饼,1
擀面,1
出自,1
面点,1
之手,1
张听,1
踏实,1
层层叠叠,1
蝉翼,1
酥软,1
低油,1
低脂,1
书名,1
遇青,1
荷煜,1
附赠,1
角色,1
立得,1
迷途,1
画片,1
我见,1
青山,1
纪念,1
藏书票,1
跋涉,1
Q版,1
迷你,1
尘封,1
纪事,1
李遇泽,1
田野,1
跳丸,1
高浓度,1
灵气,1
抵达,1
光阴,1
开出,1
途有,1
长赴,1
不言来,1
日事,1
只记,1
步履,1
山川,1
雪小禅,1
观自,1
除夕,1
朵玫瑰,1
西餐厅,1
这块,1
边角,1
边角料,1
碎肉,1
次品,1
整块,1
形状,1
规整,1
头尾,1
腌制,1
澳洲,1
安格斯,1
牛谷,1
天奶,1
香足,1
汁水,1
样书,1
实拍,1
快点,1
三连,1
高燃,1
第二部,1
赠品,1
全家福,1
古风,1
谢渡坷,1
人设,1
过节,1
好物,1
闭眼,1
香甜,1
停发,1
果园,1
截单,1
保证,1
熟果,1
现摘,1
发出,1
好书,1
这本,1
冷成,1
学术,1
文笔,1
书中以,1
长篇小说,1
严谨,1
考据,1
虚构,1
抱负,1
情感生活,1
多维度,1
展现,1
轨迹,1
年少,1
得志,1
意气风发,1
懒得,1
好爽,1
主持人,1
试吃,1
他家,1
转九拌,1
芝麻,1
浓香,1
面条,1
街边,1
说些,1
芝麻酱,1
中华,1
老字号,1
字牌,1
辣椒油,1
香味,1
辣度适,1
内蒙古,1
牛肉干,1
热量,1
成干,1
软硬,1
元袋,1
袋减,1
奶片,1
优惠券,1
仅限,1
有印,1
鸭肉,1
面筋,1
热卖,1
超千单,1
原料,1
批次,1
卖完,1
想大口,1
炫肉,1
最香,1
骨肉,1
筋肉,1
油脂,1
恰到好处,1
牛腩,1
弹韧,1
牛小排,1
SS,1
一高,1
甜宠,1
军旅,1
纵火,1
关卷,1
个宝,1
大鱼,1
万购,1
镭射,1
异形,1
双面,1
手提袋,1
无边,1
自封袋,1
特供,1
天超话,1
天高,1
言情,1
签定,1
制线,1
专享,1
印特签,1
照相机,1
装帧,1
赠书,1
铁子,1
新锐,1
安为,1
乐安,1
为乐,1
er,1
苏甜,1
力作,1
crush,1
跳跳,1
糖栗,1
薄荷,1
苏打水,1
方则,1
网聊,1
奔现,1
高甜互,1
量子,1
美梦成真,1
栗夏,1
塔城,1
夹子,1
铺满,1
干果,1
一杯,1
美式,1
回购,1
买来,1
四拼款,1
多种,1
纯手工,1
现做,1
懒人,1
盒马,1
热腾腾,1
神品,1
小萨牛,1
芝士,1
个装,1
特价,1
零售价,1
元个,1
同厂,1
半价,1
日期,1
顺丰,1
动手做,1
包子,1
三明治,1
吃腻,1
第三次,1
世界大战,1
资本主义,1
疯子,1
发动战争,1
了不起,1
帝国主义,1
摘自,1
毛泽东,1
选集,1
征服,1
全人类,1
敬仰,1
老人家,1
高瞻远瞩,1
铭记,1
争夺,1
秦亡,1
反汉复,1
秦汉,1
反晋复,1
汉唐,1
宋复,1
口号,1
玄机,1
大地,1
南明,1
朝廷,1
抵抗,1
康熙,1
会党,1
年华,1
访问,1
朝鲜,1
彩色照片,1
周朝,1
清朝,1
周期率,1
周期律,1
作用,1
录像,1
徐州,1
火力,1
横扫,1
索马里,1
海盗,1
高举,1
考考你,1
唐朝,1
第二位,1
ly,1
镇住,1
腐败,1
特殊化,1
抽烟,1
喝茶,1
工资,1
从来不,1
公家,1
带头,1
节制,1
六十年代,1
形势,1
吃粮,1
定量,1
工作人员,1
浮肿,1
不准,1
这名,1
士兵,1
肉搏战,1
押往,1
刑场,1
处决,1
眼中,1
恐惧,1
藐视,1
仇恨,1
民族英雄,1
古人,1
青岛,1
时髦,1
贡献,1
歼灭,1
清军,1
根除,1
派往,1
镇压,1
汉人,1
满人,1
说前,1
辛亥革命,1
尊太新,1
哀牢山,1
排查,1
土匪,1
残余,1
摸清,1
民族,1
全裸,1
男男女女,1
便是,1
苦聪人,1
世代,1
隐居,1
靠着,1
野果,1
捕猎,1
为生,1
与世隔绝,1
原始,1
心酸,1
时苦,1
聪人,1
魂飞魄散,1
掉头,1
密林,1
祖祖辈辈,1
隐于,1
从未见过,1
三尊,1
明代,1
铁佛,1
化为,1
日寇,1
窑洞,1
前教,1
读书,1
识字,1
笑容满面,1
讲解,1
书中,1
意有,1
文治武功,1
幸福快乐,1
见证,1
怀念,1
梁思成,1
毛岸英,1
毛岸,1
周总理,1
邓颖超,1
张文荣,1
叛变,1
特种,1
张文龙,1
奉命,1
内奸,1
跳伞,1
一颗,1
手雷,1
扔进,1
机舱,1
拜拜,1
巡抚,1
谭钟麟,1
午睡,1
过后,1
通房,1
卧室,1
怀了孕,1
次年,1
生下,1
一子,1
正是,1
日后,1
大名鼎鼎,1
本是,1
嫁入,1
谭家,1
丫鬟,1
子嗣,1
上桌,1
伤人,1
冷漠,1
几笔,1
就动,1
雕像,1
一点一点,1
泪奔,1
刘青,1
好家伙,1
这文创,1
无意间,1
red,1
此物,1
原件,1
出处,1
西汉,1
靖王,1
出土,1
双头,1
铜祖,1
明器,1
交换,1
解开,1
三分钟,1
助燃,1
二哈夜,1
辉祥兆,1
正面,1
画法,1
马克笔,1
放大镜,1
上色,1
烧成,1
莫奈,1
梵高,1
北宋,1
真人,1
肉身,1
泥塑,1
眼熟,1
十大,1
瑞兽,1
圆形,1
古希腊,1
雕塑,1
脸上,1
关掉,1
法令,1
鼻翼,1
林多,1
老说,1
不贴,1
化妆师,1
王亚飞,1
花素,1
颜周,1
卢昱晓王,1
楚然,1
李兰迪林,1
赵丽颖,1
小城,1
好久不见,1
刘海,1
梦回,1
明兰,1
杰哥,1
很帅,1
妆脏出,1
分界线,1
管管,1
我杰,1
美是,1
黑皮,1
往死里整,1
沈千盏,1
制片,1
满格,1
很圈,1
完整版,1
TVC,1
微博章,1
若楠,1
official,1
秘诀,1
BYE,1
专为,1
敏肌,1
专利技术,1
弱酸,1
面层,1
肌肤,1
屏障,1
构卢昱晓内场,1
妈呀,1
晓晓内场,1
这套,1
气质,1
美晕,1
原地,1
倒下,1
晓晓,1
美甲,1
第一件,1
意中,1
欢享,1
派对,1
换个,1
发型,1
焕然一新,1
刘浩存,1
牛仔裤,1
垂坠,1
花饰,1
复古,1
红唇,1
骨相,1
老钱,1
风拉满,1
同框,1
夸美到,1
古装,1
温婉,1
身材,1
连高定,1
驾驭,1
败给,1
印堂,1
肺养,1
鼻子,1
反射,1
区养,1
耳能,1
肾养,1
能利,1
三焦,1
脖子,1
两侧,1
局部,1
小肠,1
洗完,1
能淡斑,1
增亮,1
激素,1
面色,1
差暗,1
萎黄,1
十分钟,1
宋雨琦说,1
李佩,1
仪妆造,1
宋雨琦,1
热播,1
剧唐宫,1
之青雾,1
风鸣,1
妆造,1
剧里,1
难用,1
搜点,1
太烂,1
贴合,1
闪粉,1
直白,1
美意,1
滇西,1
干烈,1
屋檐,1
干燥,1
周旋,1
干热,1
河谷,1
通透,1
防晒霜,1
白昼,1
盔甲,1
月光,1
下则,1
精华,1
融入,1
面霜,1
重建,1
肌底,1
城池,1
教会,1
活得,1
丰沛,1
纹理,1
光开,1
好肤,1
气美运,1
加载,1
中祝,1
久违,1
允哒,1
速递,1
后知后觉,1
娇姐,1
事儿,1
指条,1
明路,1
上诉人,1
开庭,1
一审,1
法官,1
撤回,1
征缴,1
职责,1
民事纠纷,1
法研,1
补缴,1
受理,1
民事案件,1
大S,1
公共场所,1
借口,1
未经许可,1
轻则,1
情节严重,1
守住,1
底线,1
性生活,1
法定,1
义务,1
分居,1
夫妻生活,1
财物,1
继承,1
九图,1
股东会,1
路边,1
老头,1
另案,1
发表,1
提交,1
本案,1
民诉法,1
解释,1
让步,1
公款,1
给误,1
转者,1
不妥,1
转错,1
严重者,1
坐牢,1
刑法,1
明知,1
侵占罪,1
可处,1
有期徒刑,1
拘役,1
罚金,1
数额,1
处罚金,1
租着,1
礼炮,1
家门口,1
牵绳,1
养犬人养,1
办证,1
牵狗绳,1
视为,1
违法行为,1
群众,1
困扰,1
由来已久,1
既靠,1
个体,1
涵养,1
约束,1
要点,1
从我做起,1
集市,1
上花,1
二十块,1
法微,1
年用,1
王某,1
年间,1
骗取,1
统筹,1
基金,1
药农,1
设卡,1
搜集,1
医保卡,1
链条,1
诈骗罪,1
十三年,1
考研,1
查分,1
CCTV,1
编辑,1
梁冬生,1
学到,1
老头子,1
欣欣,1
姐学戏,1
一扮,1
开唱,1
只值,1
金戒指,1
诈骗,1
索赔,1
撤诉,1
合法性,1
交通事故,1
过错,1
损害,1
因果关系,1
已有,1
避让,1
轿车,1
驶近,1
因果,1
合理性,1
救助,1
豁免权,1
民法典,1
招聘员工,1
侵害,1
合法权益,1
人民检察院,1
辖区,1
内有,1
用人单位,1
中限,1
性别,1
依法,1
监督,1
督促,1
整改,1
权利,1
已婚,1
已育,1
案件线索,1
检察院,1
云水,1
心益,1
被判赔,1
Esther,1
徐某,1
名誉权,1
案二审,1
被判,1
维持原判,1
回顾,1
普陀区,1
侵权,1
法律责任,1
间谍罪,1
才判,1
七年,1
太轻,1
叛国,1
叛国罪,1
严惩,1
会演,1
恶劣,1
刑事案件,1
打人,1
当街,1
殴打,1
同居,1
男女,1
判罚,1
缓刑,1
实刑,1
更重,1
人人平等,1
别搞,1
区别对待,1
判别,1
知多少,1
中华人民共和国,1
第二十七条,1
法规,1
中有,1
扰乱,1
秩序,1
一倍,1
三千元,1
情节,1
较重,1
五日,1
十五日,1
鞋子,1
吊坠,1
线团,1
拿图,1
看不得,1
浪费,1
几十,1
特产,1
好不好,1
布料,1
修补,1
路面,1
坑洞,1
Rich,1
财神爷,1
榫卯,1
数控,1
木雕,1
新家,1
年轻人,1
十字绣,1
笑哈哈,1
万磁王,1
现世,1
核磁共振,1
每晚,1
水泡,1
症状,1
拖垮,1
隐患,1
轻度,1
打哈欠,1
伸懒腰,1
食欲不振,1
求救,1
脏器,1
变异,1
肩背,1
疼痛,1
山楂,1
疏通,1
谈恋爱,1
通行证,1
药典,1
正骨,1
长短,1
视觉,1
从厚本,1
养生,1
补阳,1
补气,1
祛湿,1
泡脚,1
消食,1
脚尖,1
饮品,1
营养品,1
太高,1
感染,1
艾滋,1
传染,1
别看,1
报告,1
舌头,1
好坏,1
整容,1
脸肿,1
睡醒,1
喝太多水,1
湿气,1
很重,1
排出,1
摄入,1
多只,1
增加,1
运化,1
开要,1
喝小口,1
生冷,1
吃生,1
果汁,1
寒性,1
Cocona,1
伤痕,1
cocona,1
疤痕,1
姜灸,1
北京医院,1
汪芳,1
主任医师,1
诚实,1
血糖仪,1
远离,1
敏感,1
高血糖,1
病变,1
告密,1
腿部,1
持续性,1
麻木,1
烧灼感,1
小腿,1
酸痛,1
终身,1
不进,1
睡前,1
提肛,1
床头,1
卫生纸,1
时不带,1
遵循,1
春生夏长,1
秋收冬藏,1
自然规律,1
冰镇,1
饮料,1
杜绝,1
冷饮,1
线痕,1
老去,1
骨子里,1
挂线,1
这类,1
乱说,1
一出场,1
显得,1
紧绷,1
僵硬,1
违和感强,1
那才,1
衰老,1
气血,1
光来,1
首唱,1
视听,1
光明,1
声程,1
光愿,1
前方,1
决心,1
冲滴,1
之夜,1
准时,1
蒸棒,1
盐官,1
共同完成,1
秀会,1
演出季,1
云熠,1
老夫老妻,1
Yunqi,1
阿刁,1
直击,1
心灵,1
万钧,1
嗓音,1
清亮,1
锐利,1
穿透力,1
高原,1
苍茫,1
倔强,1
唱得,1
淋漓尽致,1
掷地有声,1
华丽,1
堆砌,1
赤诚,1
勇敢,1
悉数,1
甘于,1
平凡,1
滴滴,1
时间表,1
超强,1
几点,1
拼手速,1
费翔,1
扭堪,1
裸奔,1
单依纯,1
高中毕业,1
玩玩,1
走向,1
不差,1
面儿,1
巡回演唱,1
体育中心,1
不见不散,1
嗷耶耶,1
PROOF,1
三只,1
三十年,1
能看懂,1
穆祉,1
穆王,1
杰饭,1
VC,1
前内,1
娱吃,1
华语,1
王建国,1
周奇,1
墨一,1
打架,1
潘玮柏,1
反转,1
万张,1
林俊杰,1
曹操,1
周杰伦,1
第七章,1
隐形,1
翅膀,1
舞娘,1
首封,1
李宇春,1
夜空,1
最亮,1
萤火,1
如初,1
刘宇献,1
OST,1
QQ,1
酷狗,1
Showtime,1
无奈,1
无力,1
涣散,1
即将来临,1
未知,1
回不去,1
为望,1
风吹,1
飘向,1
任由,1
世謝,1
謝邀,1
重返,1
舊地,1
一樣,1
那位,1
歌德,1
教堂,1
許願池,1
充滿,1
音樂盒,1
打開,1
溫柔,1
地被,1
喚醒,1
過屬,1
獨特,1
廣場,1
上線,1
广场,1
改编,1
版云旗,1
云旗用,1
热爱,1
诚意,1
自信,1
汗水,1
不为人知,1
化作,1
动人,1
打乱,1
喧嚣,1
坚守,1
专注,1
一眨眼,1
度拉满,1
春暖,1
春光,1
前程,1
繁花似锦,1
UNIQ,1
王一博卡布,1
周深,1
团队,1
长马嘉祺于,1
Yosh,1
陈丽君点,1
云霄,1
lyx,1
铮亮,1
报梓,1
年梓渝用,1
实绩,1
四城,1
十场,1
创造,1
top,1
领跑,1
内娱,1
爆火,1
粘性,1
带货,1
这位,1
猎人,1
彻子,1
戒指,1
oocdoge,1
超会,1
发育,1
连体,1
ACG,1
优创官,1
散兵,1
柜子,1
毛利兰,1
活着,1
小王,1
两款,1
王昭君,1
长夜,1
焕生,1
大乔,1
挚爱,1
pick,1
往后,1
小圈,1
亚文化,1
爱好,1
公共场合,1
冲击,1
视野,1
圈层,1
抵触,1
认不清,1
咎由自取,1
清空,1
联动,1
取消,1
中国邮政,1
小杭,1
不活,1
业绩,1
飞吻,1
扫地机,1
全给,1
职场,1
在场,1
家电,1
扛着,1
水饺,1
原神兹白,1
白马,1
仙人,1
二次元,1
神自当,1
兹白,1
阿昭,1
Akira,1
伙伴,1
百奇,1
场照,1
白泪,1
ywb,1
排雷,1
瓜子,1
人马,1
姐道,1
破碎,1
男神,1
戴着,1
耳麦,1
听见,1
终焉,1
救过,1
胡乱,1
秦彻恋,1
档案,1
纯白,1
誓约,1
制品,1
通贩,1
春转,1
套组,1
尖叫,1
封口,1
受害者,1
环球时报,1
朝日新闻,1
因涉嫌,1
不买账,1
本章,1
高中,1
突袭,1
随机,1
一两声,1
巨响,1
所幸,1
住所,1
停课,1
起网,1
含义,1
男宝,1
老二,1
老三,1
老四,1
老五,1
评分,1
体征,1
医护,1
抢出,1
德兰,1
甘地,1
紧急状态,1
医务人员,1
病人,1
病房,1
不顾,1
险境,1
数学题,1
米纳,1
卜市,1
设有,1
进度条,1
世间,1
阳春,1
共赴,1
数学,1
学院,1
该院,1
人事部,1
官网,1
全面实施,1
聘用,1
助理,1
课本上,1
鲜血,1
已达,1
砖石,1
瓦砾,1
落满,1
桌椅,1
遗落,1
书本,1
散落,1
地面,1
抵港校,1
联军,1
关头,1
延误,1
幸运,1
珠江,1
之声,1
绑架,1
罪行,1
击毙,1
执掌,1
哈利斯科州,1
新生代,1
骇人听闻,1
恶行,1
特种部队,1
火拼,1
杀手,1
剖开,1
胸膛,1
年来,1
总共,1
今早,1
当地人,1
制止,1
春节假期,1
东站,1
龙游,1
旅累,1
作业,1
吃不饱,1
扩及,1
还击,1
延烧,1
停火,1
安宁,1
甘省,1
遇难者,1
春回大地,1
东部,1
新城,1
百货,1
玻璃幕墙,1
奇缘,1
再续,1
外立面,1
缝隙,1
全城,1
衔枝,1
孕育,1
杭州湾,1
湿地,1
鸟浪,1
翻涌,1
爱玩,1
圆明园,1
丢失,1
猪首,1
微笑,1
文玩,1
珠子,1
能值,1
momo,1
雕件,1
整料,1
雕刻,1
镶嵌,1
珊瑚,1
瓷实,1
深海,1
瑰宝,1
技艺,1
相结合,1
花型,1
重叠,1
有致,1
粉润,1
俏丽,1
色泽,1
云想,1
衣裳,1
花想容,1
自古,1
伊人,1
彰显,1
优雅,1
匠心,1
雕琢,1
原石,1
玉镯,1
取镯,1
一辈子,1
何在,1
能产,1
纸币,1
牛头,1
恶魔,1
巴力,1
手上,1
一串,1
猴头,1
要价,1
徐逛,1
大集,1
老汉,1
一筐,1
两块钱,1
挑真鸡,1
拔剑,1
古董,1
挖宝,1
多人,1
挖走,1
古玩,1
爱好者,1
筹划,1
旁门左道,1
几人,1
挖到,1
清代,1
通宝,1
鹰洋,1
高价,1
转卖,1
十余万元,1
审理,1
顾某,1
汉墓,1
金饼,1
成色,1
金灿灿,1
讨人喜欢,1
博物院,1
听泉,1
鉴宝,1
几种,1
人民币,1
已知,1
锋利,1
黑曜石,1
紫色,1
蚌壳,1
养蚌人,1
实话实说,1
现钞,1
答记者问,1
审判,1
委员会,1
陈宜芳,1
吴景丽,1
杜军,1
春潮,1
涌动,1
程为,1
社会各界,1
关切,1
介绍,1
践行,1
习近平,1
司闻韶检声,1
鲁检,1
检察机关,1
智能化,1
检察工作,1
第十一,1
沈红雨,1
潘勇锋,1
反内,1
卷式,1
大厂,1
内卷,1
已成,1
强制,1
最长,1
僵局,1
Knews,1
黄小检,1
实景,1
双向,1
人大代表,1
中共安徽省委,1
党史,1
地方志,1
二级,1
吴梅芳,1
部门,1
办理,1
履行,1
职能,1
犯罪预防,1
治理,1
入选,1
歇歇,1
下半年,1
国庆,1
中秋,1
没假,1
来个,1
借鉴,1
经验,1
中小学生,1
延伸,1
网店,1
市监,1
细化,1
资质,1
审核,1
公示,1
管控,1
市政协,1
分组讨论,1
济源,1
再添,1
基础设施,1
新开工,1
首个,1
横贯,1
中东部,1
大动脉,1
我省,1
保供,1
合肥,1
最新进展,1
连接线,1
蜀山区,1
庐阳区,1
白莲,1
岩路,1
互通,1
在建,1
标段,1
西二环,1
清溪,1
岛路,1
盾构,1
隧道,1
段长,1
定远,1
十七届,1
人大常委会,1
第四十,1
闵行,1
市级,1
闵闵,1
水务,1
北竹,1
港泵,1
新建,1
节点,1
通水,1
圆满完成,1
度汛,1
按下,1
闵行区,1
防洪,1
迈出,1
专题,1
经营,1
经营项目,1
地址,1
资质证书,1
保持一致,1
专门从事,1
揭秘,1
全国十佳,1
广播电视,1
社教,1
季新,1
汇报会,1
揭晓,1
十佳,1
优秀,1
评选,1
汇报,1
党组书记,1
检察长,1
应勇,1
党组,1
天府,1
新区,1
聚变,1
科创城,1
太行,1
水镇,1
复兴,1
全域,1
量化,1
效益,1
报告书,1
保定市,1
领导,1
专用,1
定位,1
西周,1
燕都,1
战国,1
燕赵,1
风貌,1
荆轲,1
刺秦,1
燕昭王,1
台易水,1
送别,1
演艺,1
以易水,1
学派,1
康养,1
特色产业,1
接待,1
万人次,1
度假区,1
厅局长,1
访谈,1
督察,1
到位,1
聚焦,1
项对,1
政法委,1
执法,1
巡视,1
巡察,1
质量检查,1
评查,1
群众反映,1
逐案,1
剖析,1
月底,1
分房,1
眼眶,1
小孩子,1
表达方式,1
孕妇,1
配合,1
双腿,1
自觉,1
夹紧,1
助产,1
师急,1
大喊,1
常说,1
下意识,1
直观,1
双眼皮,1
帽子,1
戴上去,1
帅气,1
姐是,1
真帅,1
幼师,1
擦屁股,1
怒赞,1
孕晚期,1
奶磨,1
大吼,1
积压,1
他姐,1
寻思,1
岁生,1
起名,1
送祝福,1
时许,1
医学,1
受孕,1
千万分之一,1
奇迹,1
动容,1
纷纷,1
送上,1
掀起,1
产子,1
初为人,1
产后,1
幼儿园,1
运动会,1
人举,1
晚饭,1
没来,1
前天,1
来试,1
满意,1
色香味,1
全无,1
陕西人,1
汤放太多,1
黏糊,1
下周一,1
电网,1
光通信,1
光伏,1
标的,1
主线,1
围绕,1
供需,1
赛道,1
信创,1
产业,1
汽油价格,1
剧烈,1
暴涨,1
汽油,1
上调,1
元升,1
恶化,1
关口,1
开年,1
没人管,1
小炒,1
反抗,1
手段,1
特性,1
竟能,1
抵御,1
菟丝子,1
栽培,1
天然,1
物种,1
沟通,1
复试,1
一班,1
北外,1
VIP,1
启航,1
大兵,1
而战,1
注明,1
大鱼大肉,1
油腻,1
清淡,1
鱼头,1
菜汤,1
洋葱,1
炒蛋,1
蒜蓉,1
圣子,1
蛋花汤,1
咖喱,1
鸡肉,1
我家,1
闲置,1
好久,1
上劲,1
爽口,1
牛肉丸,1
超棒别,1
没睡,1
哼哼唧唧,1
半宿,1
喊醒,1
睁眼,1
摇不醒,1
手舞足蹈,1
噩梦,1
商量,1
郴州,1
时年,1
杀害,1
弟媳,1
枪决,1
实务,1
看一看,1
考法,1
图形,1
推理,1
价涨,1
元先,1
震荡,1
元克买,1
黄金首饰,1
入手,1
不划算,1
元克比,1
工费,1
回收,1
时全,1
刚需,1
送礼,1
理念,1
英二,1
青海地区,1
骄傲,1
精力,1
坐不住,1
考前,1
安眠药,1
入睡,1
半夜,1
神情恍惚,1
考不上,1
英语,1
考了,1
蒙台梭,1
性格,1
缺陷,1
早期,1
经受,1
某种,1
对待,1
扭曲,1
人远,1
生理,1
糟糕,1
多一层,1
严厉,1
家庭环境,1
性格内向,1
人际沟通,1
反思,1
自我管理,1
下周,1
哪套,1
婚服,1
哪件,1
花眼,1
爸选,1
远点,1
校园,1
命真,1
长得,1
新婚之夜,1
杀手锏,1
两只手,1
回族,1
紧身,1
曲线,1
有带,1
袖子,1
挡住,1
纹身,1
坟墓,1
仪式,1
氛围,1
出殡,1
不信,1
直奔,1
黑衣服,1
伴娘,1
喧宾夺主,1
五斤,1
出嫁,1
有喜,1
身着,1
蕾丝,1
大方,1
得体,1
胸漏,1
大家闺秀,1
眼看,1
岳母,1
还养,1
颜太有,1
魄力,1
腰部,1
发力,1
保镖,1
余韵,1
悠长,1
久久,1
平复,1
玲子,1
成诚,1
红房子,1
编舞领,1
进门,1
BrianYanis,1
奉上,1
BreatheOnMeheelsjazzyanis,1
超高,1
清版,1
吹灰,1
琵琶,1
爵士,1
ForeverWinterEdition,1
系列赛,1
HouseDanceForever,1
世界冠军,1
VsKenshuNovelNextus,1
裁判,1
表演,1
基本功,1
亚巡,1
台北,1
珍藏,1
whereyouatleejung,1
babyzoo,1
新专辑,1
Dontcall,1
机位,1
focus,1
前线,1
组糖紙,1
KJ,1
抱葵,1
摘葵,1
新编,1
现代舞,1
磅礴,1
肢体,1
勾勒,1
出江,1
山山映,1
江波,1
流动,1
剧目,1
当代,1
心绪,1
封入,1
漂流瓶,1
抒情,1
无人,1
绍兴,1
工作室,1
AliceRenavand,1
MathieuGanio,1
公园,1
源自,1
廿编舞,1
demo,1
欣喜,1
创编,1
深深,1
折服,1
稳准狠,1
这首,1
单曲,1
携手,1
炽热,1
形态,1
聚光灯,1
内心,1
充盈,1
笃定,1
脚部,1
筹备,1
骤然,1
压缩,1
特邀,1
ODOGKIDS,1
刘洋,1
江津,1
火灾,1
十多人,1
青年,1
时评,1
公职,1
公务员,1
看待,1
炒作,1
段时间,1
清闲,1
指南,1
考公,1
戏谑,1
口吻,1
公共,1
描绘成,1
安逸,1
度日,1
迎合,1
神器,1
少量,1
维生素,1
矿物质,1
农药,1
残留,1
去除,1
效果,1
相比,1
差异,1
不当,1
细菌,1
二次污染,1
行拘,1
近期,1
安徽,1
查处,1
博取,1
蓄意,1
客流,1
剪辑,1
标注,1
信王,1
搜乐华,1
日网,1
传王,1
鹿晗,1
徐坤程,1
潇等,1
个人隐私,1
日乐华,1
发声明,1
失实,1
删除,1
委托,1
依法追究,1
当个,1
乐子,1
负面影响,1
这图,1
三创,1
产物,1
首版,1
源于,1
俄乌,1
国旗,1
乌克兰,1
阿勒泰,1
动植物,1
属地,1
公众,1
无此,1
馅饼,1
陷阱,1
团购,1
非官方,1
轻信,1
转账,1
养老,1
钱袋,1
吉祥,1
长春,1
白山,1
辽源,1
延边,1
白城,1
梅河口,1
吉林市,1
通化,1
要交,1
吃瓜,1
试点,1
征收,1
称无此,1
头发丝,1
儿绕,1
帮帮忙,1
烧断,1
证明,1
导热性,1
材质,1
小震,1
地震局,1
成都,1
高新,1
减灾,1
研究所,1
民营,1
违规操作,1
首次,1
误报,1
家寻,1
青海省,1
西宁市,1
湟中县,1
上五庄,1
友爱,1
刘发莲女,1
双脚,1
无名指,1
小指,1
肉皮,1
相连,1
耳垂,1
眼儿,1
唱歌,1
米左右,1
小卖部,1
家住,1
木头,1
乡政府,1
父刘付,1
业母,1
香花,1
据共富,1
财经报道,1
美媒,1
性关系,1
美国有线电视新闻网,1
CNN,1
证词,1
消息人士,1
质询,1
那张,1
漂泊,1
新衣,1
亲人,1
失散,1
沈阳市,1
福利院,1
收留,1
沈华,1
全额,1
赔偿款,1
暴露出,1
李女士,1
继承人,1
亲属,1
数百万,1
平方米,1
赠送,1
市价,1
摆放,1
不符,1
班级,1
知情人,1
大是,1
那辈建,1
男图,1
一览,1
对外贸易法,1
跨境,1
金融服务,1
殡葬,1
管理条例,1
惠民,1
有据可依,1
分类管理,1
施行,1
做好事,1
面积,1
女童,1
其称,1
误解,1
做出,1
外婆家,1
路途,1
故购,1
赔款,1
捐赠,1
新进展,1
承认,1
及速观,1
陷入,1
嫌疑,1
话题,1
alittleTea,1
道德水准,1
日电,1
日本共同社,1
援引,1
日本首相,1
早苗以,1
自民党,1
发放,1
万日元,1
事务所,1
休学,1
抗癌,1
暴瘦,1
多斤,1
山里,1
圆梦,1
高校,1
研究生,1
患上,1
红星,1
张睿,1
昭通市,1
巧家县,1
多分,1
考入,1
名额,1
走访,1
筛出,1
最少,1
民警,1
日抖音,1
黑板报,1
称抖音,1
巡查,1
陈老,1
科学分析,1
缜密,1
研判,1
下以,1
无端,1
侮辱,1
人格,1
小院,1
弱酸性,1
腐叶土,1
土粗,1
介质,1
配制,1
晚秋,1
坑中,1
桃子,1
降水量,1
非常适合,1
成活率,1
挑选,1
向阳,1
种种,1
冻害,1
耐旱,1
养分,1
万亿斤,1
动态数据,1
生产国,1
我国,1
粮食产量,1
连年,1
站稳,1
亿斤,1
亿万,1
坚实,1
大国,1
小家,1
热气腾腾,1
奋进,1
经纬线,1
八个,1
加入适量,1
腐殖质,1
调节,1
值二,1
通风,1
照射,1
最为,1
确保,1
水涝,1
好量,1
整形,1
枝叶,1
树形,1
宽松,1
通气,1
性佳,1
值以,1
为宜,1
有机肥,1
土壤肥力,1
如皮,1
薄易,1
剥汁,1
多味,1
最佳时期,1
行距,1
株距,1
砂质,1
配土时,1
用腐叶,1
土园,1
制成,1
土二,1
开花,1
隆昌,1
交界处,1
一个双,1
产业园,1
云霞,1
看作,1
风水宝地,1
一田,1
两用,1
无休,1
产出,1
还放话,1
领军人物,1
志向,1
远大,1
名副其实,1
双昌,1
一哥,1
油麦,1
习性,1
科属,1
菊科,1
莴苣,1
近亲,1
抽薹,1
变老,1
发苦,1
耐轻霜,1
怕热,1
足长,1
弱易,1
徒长,1
细弱,1
保水,1
积水,1
酸性土,1
春播,1
秋播,1
肥力,1
通透性,1
扦插,1
嫁接,1
土质,1
萌芽,1
陈年,1
干瘪,1
选出,1
水生,1
特定条件,1
水深,1
以内,1
水质,1
清澈,1
较大,1
直径,1
大盆,1
腐熟,1
豆饼,1
骨粉,1
土壤条件,1
清甜,1
如红肉,1
清脆,1
白肉,1
优质,1
透气性,1
沙质,1
